actual_default,predicted_default,predicted_default_probability,correct_prediction,risk_group
0,0,0.2360154324750555,True,Low
0,0,0.1859537295727975,True,Low
0,0,0.22700495432794304,True,Low
0,0,0.2224048734816797,True,Low
0,0,0.17167225196704722,True,Low
0,0,0.12889903534021876,True,Low
0,0,0.27138640379952456,True,Moderate
0,0,0.16402219570947346,True,Low
1,0,0.0951731134194047,False,Low
0,0,0.04025550653611058,True,Low
0,0,0.10770759065077559,True,Low
0,0,0.09741255483478288,True,Low
0,0,0.23838024096474172,True,Low
0,0,0.14914924248175035,True,Low
0,0,0.1723087904292082,True,Low
0,1,0.5492881310206047,False,High
0,0,0.1706117709044314,True,Low
1,0,0.3041969302577327,False,Moderate
0,1,0.5100883736876243,False,High
0,0,0.20698715218498182,True,Low
0,0,0.20342921798586364,True,Low
0,0,0.09669425588448523,True,Low
0,0,0.065490867743176,True,Low
0,0,0.18316961405537324,True,Low
0,0,0.14674568862436613,True,Low
0,0,0.18884716741508226,True,Low
1,0,0.275408321221969,False,Moderate
0,0,0.256687979596765,True,Moderate
0,0,0.4325945927355926,True,Moderate
0,0,0.08063653068819995,True,Low
0,0,0.14124272362487966,True,Low
0,0,0.13921303870420565,True,Low
0,0,0.2307176222584398,True,Low
0,0,0.2812143926174877,True,Moderate
1,0,0.1633325263645961,False,Low
0,0,0.056978010339137304,True,Low
0,0,0.03190764853105799,True,Low
0,0,0.13853377156804542,True,Low
1,1,0.5953369234404393,True,High
1,0,0.11918365655119015,False,Low
0,0,0.2113042122533323,True,Low
0,0,0.2001259817388054,True,Low
1,1,0.7199877945613241,True,High
1,1,0.6065139922822245,True,High
1,0,0.23717739418856956,False,Low
1,0,0.4861360782365859,False,Moderate
1,1,0.7234556818874524,True,High
0,0,0.012649312522718744,True,Low
1,0,0.09311440101458646,False,Low
0,0,0.17873975670789255,True,Low
0,0,0.04337394606482001,True,Low
0,0,0.17305166483485726,True,Low
1,0,0.2243471732831539,False,Low
0,0,0.055535872309104395,True,Low
0,0,0.0990467997721727,True,Low
0,0,0.2539811978077571,True,Moderate
0,0,0.18190857420858883,True,Low
0,1,0.8514109275936814,False,Very High
0,0,0.21160066466021307,True,Low
0,0,0.08329062243230005,True,Low
1,1,0.6878825643778442,True,High
0,0,0.23479624995202483,True,Low
0,0,0.18907238467764054,True,Low
0,0,0.1081930474838422,True,Low
0,0,0.2100603755276829,True,Low
0,0,0.17882093686460176,True,Low
0,0,0.20125192730306077,True,Low
0,0,0.2737331748051937,True,Moderate
0,0,0.057839343031036536,True,Low
0,1,0.6363145506314422,False,High
1,0,0.478646255503196,False,Moderate
0,0,0.23061846654401238,True,Low
1,0,0.2647610852742411,False,Moderate
1,0,0.27046159145948867,False,Moderate
0,0,0.2387834597735041,True,Low
0,0,0.2944018733972287,True,Moderate
0,0,0.23374295248510082,True,Low
0,0,0.22000901779280754,True,Low
0,0,0.2236807332879932,True,Low
1,0,0.2613311669129963,False,Moderate
0,0,0.21189767139420718,True,Low
0,0,0.08888501167764175,True,Low
0,0,0.12228900530607652,True,Low
1,0,0.44465703175593724,False,Moderate
0,0,0.19696412183495224,True,Low
0,1,0.6149592470556348,False,High
0,0,0.27484280264105365,True,Moderate
1,0,0.20764408071031348,False,Low
0,0,0.20572105224983098,True,Low
0,0,0.19917126189706133,True,Low
1,0,0.13820365109857796,False,Low
0,0,0.23349443779086282,True,Low
0,0,0.09694852673121093,True,Low
0,1,0.5683272270126012,False,High
1,0,0.23488588289827192,False,Low
0,0,0.18329272598587223,True,Low
1,0,0.4323785973218209,False,Moderate
0,0,0.24811768305871054,True,Low
0,0,0.21825653407770107,True,Low
1,0,0.23967124940962878,False,Low
0,0,0.218048628618755,True,Low
0,0,0.24802732417074622,True,Low
1,0,0.2457789942207704,False,Low
0,0,0.16248607130325046,True,Low
1,0,0.1354823149549564,False,Low
0,0,0.17906672022835765,True,Low
0,0,0.17348407436607366,True,Low
0,0,0.22434099560586918,True,Low
0,0,0.11928099156410774,True,Low
0,0,0.24954735267423092,True,Low
0,0,0.059263419609899406,True,Low
0,0,0.13576630740864107,True,Low
0,0,0.23946628256473082,True,Low
1,0,0.1580931034096119,False,Low
0,0,0.31002961003352886,True,Moderate
0,0,0.1214260587701038,True,Low
0,0,0.022069254567002282,True,Low
0,0,0.04930223680609063,True,Low
0,0,0.11605712382635772,True,Low
0,0,0.04485574627434943,True,Low
1,0,0.4280705491966208,False,Moderate
0,0,0.03217735614880175,True,Low
0,0,0.11422749711740598,True,Low
0,0,0.09695068882648598,True,Low
0,0,0.08609566983349161,True,Low
1,0,0.2141798180350588,False,Low
0,0,0.05356540145712219,True,Low
0,0,0.21521654875431984,True,Low
0,0,0.44357341949719525,True,Moderate
0,0,0.22014345367456836,True,Low
0,0,0.18055717669217322,True,Low
0,0,0.12107581619496018,True,Low
0,0,0.20071634117079354,True,Low
0,0,0.1902459552218771,True,Low
0,0,0.19561520671956165,True,Low
0,0,0.19779200743595812,True,Low
0,0,0.25299354105799177,True,Moderate
0,0,0.1485412313259828,True,Low
0,0,0.21112745865438348,True,Low
0,0,0.09284079278512922,True,Low
0,0,0.19740867533032955,True,Low
0,0,0.3100167504325103,True,Moderate
0,0,0.39303075363091194,True,Moderate
0,0,0.13547655520107738,True,Low
0,0,0.1730805059969633,True,Low
0,0,0.22811459761480074,True,Low
0,0,0.2302090366551714,True,Low
0,0,0.22097643170833725,True,Low
0,0,0.4666877126197989,True,Moderate
0,0,0.23669022516138002,True,Low
0,0,0.05540685077281903,True,Low
0,0,0.2516606029269731,True,Moderate
1,0,0.4968669515809684,False,Moderate
0,0,0.4562821240836798,True,Moderate
0,0,0.18052705798630708,True,Low
0,0,0.09012171762775435,True,Low
0,0,0.21388032257183298,True,Low
0,0,0.25289286405523964,True,Moderate
1,1,0.5367876965930621,True,High
0,0,0.20817761109099164,True,Low
1,0,0.1357482777901262,False,Low
0,0,0.170067927112007,True,Low
0,0,0.19313249539277083,True,Low
0,0,0.2513907171191737,True,Moderate
0,0,0.2757184471952307,True,Moderate
0,0,0.0841628411650029,True,Low
0,0,0.22121886478501745,True,Low
0,0,0.2308603125173682,True,Low
0,0,0.0730216498511772,True,Low
0,0,0.25166551226336165,True,Moderate
0,0,0.19659273741565766,True,Low
0,0,0.16256270421082647,True,Low
0,1,0.7300485047987179,False,High
0,0,0.15882482810672935,True,Low
1,0,0.47292906001928003,False,Moderate
0,0,0.14864971594882856,True,Low
0,0,0.10391734179091389,True,Low
1,0,0.4633945660022631,False,Moderate
0,0,0.23198230898513603,True,Low
0,0,0.14184738702133914,True,Low
0,0,0.21697816782244056,True,Low
0,0,0.19881749691836734,True,Low
0,0,0.16679012070066565,True,Low
0,0,0.06555331168960053,True,Low
1,0,0.30111824688834704,False,Moderate
0,0,0.2165526068770874,True,Low
1,0,0.49048744063425165,False,Moderate
1,1,0.6016163302078498,True,High
0,0,0.14496361287495962,True,Low
0,0,0.16538609087891734,True,Low
0,0,0.12381375790488741,True,Low
0,0,0.1698706107150204,True,Low
0,0,0.12190984478406247,True,Low
1,0,0.24214293444244397,False,Low
0,0,0.1844751887250632,True,Low
0,0,0.15621682930052622,True,Low
0,1,0.7023718480372602,False,High
1,0,0.3201436326129679,False,Moderate
1,0,0.09291214404088788,False,Low
0,0,0.038566351428544206,True,Low
1,1,0.5702518682204971,True,High
0,0,0.10492852824725371,True,Low
1,0,0.48821363828189934,False,Moderate
1,0,0.10705055333145135,False,Low
0,0,0.21465696845471988,True,Low
0,0,0.1082182280820774,True,Low
0,0,0.137886290437221,True,Low
0,0,0.21835851942045553,True,Low
1,0,0.22290809873713194,False,Low
0,0,0.2595012514222107,True,Moderate
0,0,0.297201122846558,True,Moderate
0,0,0.12105218704125646,True,Low
0,0,0.12018331698800072,True,Low
0,0,0.17483022683750138,True,Low
0,0,0.22176197356523497,True,Low
0,0,0.18779048806039336,True,Low
0,0,0.2516041008186114,True,Moderate
1,1,0.5472503369165446,True,High
0,0,0.2921157634652896,True,Moderate
1,0,0.26696146295064976,False,Moderate
0,0,0.1576609465277888,True,Low
0,0,0.2144250043810001,True,Low
0,0,0.36644876245723274,True,Moderate
0,0,0.06209602129786727,True,Low
0,0,0.08810595323473289,True,Low
0,0,0.09462816188370152,True,Low
0,0,0.11680397060180286,True,Low
0,0,0.35012506672783833,True,Moderate
0,0,0.04388290175855243,True,Low
1,0,0.18922455508457192,False,Low
0,0,0.2996881752797434,True,Moderate
0,0,0.20266119187416076,True,Low
0,0,0.13778258176382058,True,Low
0,0,0.16655169316749516,True,Low
1,0,0.13954764760008057,False,Low
0,0,0.09694208714552294,True,Low
0,0,0.1994599568457755,True,Low
0,0,0.18525717694251567,True,Low
1,0,0.4681496256678257,False,Moderate
1,0,0.37212664838649906,False,Moderate
0,0,0.11671142359667613,True,Low
0,0,0.0377410362686304,True,Low
0,0,0.1414535601689587,True,Low
0,0,0.053391523840307,True,Low
0,0,0.11024092369832968,True,Low
1,0,0.4411005308504272,False,Moderate
0,0,0.2410932097264568,True,Low
0,0,0.07746068403322771,True,Low
0,0,0.1864672461809057,True,Low
1,0,0.2507270857386367,False,Moderate
0,0,0.16255723775804576,True,Low
0,0,0.19470400431693768,True,Low
0,0,0.11589473509745167,True,Low
0,0,0.1287897845850121,True,Low
1,1,0.505153869975184,True,High
0,0,0.16846727931237745,True,Low
0,1,0.6667877274167827,False,High
0,0,0.14721752738608468,True,Low
0,0,0.2307578754691338,True,Low
0,0,0.2515299125276224,True,Moderate
0,0,0.18711141659830244,True,Low
0,0,0.2097219908177659,True,Low
0,0,0.1200299713275446,True,Low
0,0,0.16754283027055733,True,Low
0,0,0.11440048334703362,True,Low
0,0,0.1352957463472459,True,Low
0,0,0.14568329395030938,True,Low
0,0,0.12445647637038415,True,Low
1,0,0.03643587379712263,False,Low
0,0,0.10273441374472278,True,Low
1,0,0.424262318888895,False,Moderate
0,0,0.13104187489806987,True,Low
0,0,0.28648561427814784,True,Moderate
0,0,0.2932760859942835,True,Moderate
1,1,0.6879825442590122,True,High
0,0,0.1862242470593017,True,Low
1,1,0.6104835559763567,True,High
1,0,0.05230070994344801,False,Low
1,1,0.5333218087197433,True,High
1,0,0.16449466247788896,False,Low
0,0,0.09929285156735568,True,Low
1,0,0.22774258123493493,False,Low
1,0,0.1453289735930409,False,Low
1,1,0.6014239383896965,True,High
0,0,0.16491349995296756,True,Low
0,0,0.1631929039410853,True,Low
0,0,0.4598034443995397,True,Moderate
0,1,0.5442573392246675,False,High
0,0,0.1799309860825897,True,Low
0,0,0.061490286533031464,True,Low
0,0,0.35626496635542454,True,Moderate
0,0,0.08541477454101368,True,Low
0,0,0.23284480608859268,True,Low
0,0,0.2114485946095678,True,Low
0,0,0.08257866529787564,True,Low
1,0,0.33964077240815654,False,Moderate
1,0,0.29996831680029806,False,Moderate
1,0,0.13733830570887942,False,Low
1,0,0.22564966939981512,False,Low
1,0,0.2127963049503194,False,Low
0,0,0.10130733021627915,True,Low
0,0,0.06200082208840164,True,Low
0,0,0.1474930808182037,True,Low
0,0,0.17904833471717665,True,Low
0,0,0.29184409941450684,True,Moderate
0,0,0.012866028650588508,True,Low
0,0,0.1517127529758554,True,Low
0,0,0.2644371807051261,True,Moderate
0,0,0.17262858043306104,True,Low
0,0,0.08918767546622042,True,Low
1,1,0.5588048511406994,True,High
0,0,0.17336777581691346,True,Low
0,0,0.23378190059739618,True,Low
0,0,0.24839243584818552,True,Low
1,0,0.20780654837794776,False,Low
0,0,0.22768569763896776,True,Low
1,1,0.5142907761321079,True,High
1,0,0.4208706728964612,False,Moderate
1,0,0.07496972193694584,False,Low
0,0,0.12920078673423813,True,Low
0,0,0.2639050272301471,True,Moderate
0,0,0.1617201822813026,True,Low
0,0,0.04632851644068662,True,Low
0,0,0.2161750782058421,True,Low
0,0,0.07264434297437725,True,Low
0,0,0.02783226139448435,True,Low
0,0,0.2535565556923553,True,Moderate
1,0,0.32289155363901995,False,Moderate
0,0,0.2770846348756248,True,Moderate
1,1,0.5875342172613266,True,High
0,0,0.06997171318313757,True,Low
0,0,0.3042368028074926,True,Moderate
1,0,0.2094797814235851,False,Low
0,0,0.10633907365505073,True,Low
0,0,0.23297048877502857,True,Low
0,0,0.12197882187988628,True,Low
0,0,0.3487559474714827,True,Moderate
1,0,0.4326269594779689,False,Moderate
0,0,0.20871818130127553,True,Low
0,0,0.13501202568952736,True,Low
0,0,0.1649387028996711,True,Low
0,0,0.2041376765103954,True,Low
1,0,0.20486031841560573,False,Low
0,0,0.08128254027940943,True,Low
1,0,0.1374725509383469,False,Low
0,0,0.28870637212503353,True,Moderate
0,0,0.22011231009699816,True,Low
0,0,0.20572271722683094,True,Low
0,0,0.1483167283473112,True,Low
0,0,0.08711071590337466,True,Low
0,0,0.13974704800991972,True,Low
0,0,0.3287938231960803,True,Moderate
0,0,0.22030200016425672,True,Low
0,0,0.4203368274348757,True,Moderate
1,0,0.049487986834405515,False,Low
0,0,0.0584797482459317,True,Low
0,0,0.18952127395496599,True,Low
0,0,0.05790703155046324,True,Low
0,0,0.19500294201840823,True,Low
0,0,0.11515965953355475,True,Low
1,1,0.5366431221260214,True,High
0,0,0.45685430842003755,True,Moderate
0,0,0.1366643932720374,True,Low
0,0,0.1876112979871826,True,Low
0,0,0.19202278480916646,True,Low
0,0,0.376874167955743,True,Moderate
0,0,0.18850879005439442,True,Low
1,0,0.3396350099087752,False,Moderate
1,0,0.269160957367461,False,Moderate
0,0,0.28655461631760204,True,Moderate
0,0,0.24408707692058185,True,Low
1,0,0.24678985155953023,False,Low
0,0,0.06956049324640426,True,Low
0,0,0.25363642412009624,True,Moderate
0,1,0.5016161054893459,False,High
0,0,0.2614892551261334,True,Moderate
0,0,0.47798173896097707,True,Moderate
0,0,0.21213607626269873,True,Low
0,0,0.029947763053272305,True,Low
0,0,0.21472991650321566,True,Low
0,0,0.058616880815364515,True,Low
1,0,0.11132847652049481,False,Low
0,0,0.03685418994935806,True,Low
0,1,0.6283633266714799,False,High
0,0,0.057845565482415186,True,Low
0,0,0.14604000423227423,True,Low
0,0,0.08743511351239851,True,Low
0,0,0.22205471317664555,True,Low
0,0,0.2458878701138548,True,Low
1,0,0.41856256480594045,False,Moderate
1,0,0.18635762330612776,False,Low
0,0,0.016675514566675723,True,Low
0,0,0.13840685422127977,True,Low
0,0,0.08589751164115464,True,Low
0,0,0.27040218661555265,True,Moderate
1,0,0.3841955635598051,False,Moderate
0,0,0.18686584119650346,True,Low
1,0,0.10274273930604566,False,Low
0,0,0.20743316156795877,True,Low
1,0,0.14342339550633157,False,Low
0,0,0.052327736265058454,True,Low
0,0,0.06460518349154735,True,Low
0,0,0.2423954795030008,True,Low
0,0,0.16300149566483565,True,Low
0,0,0.16460544648398495,True,Low
0,0,0.28835733515152784,True,Moderate
0,0,0.1656227774005361,True,Low
1,1,0.6550569265657396,True,High
1,0,0.3945862957381844,False,Moderate
0,0,0.12460465221426091,True,Low
1,1,0.576096342488529,True,High
0,0,0.0479957809558917,True,Low
1,0,0.33433576645423835,False,Moderate
0,0,0.3588187795296735,True,Moderate
0,0,0.13584135115176682,True,Low
1,0,0.2491998139039299,False,Low
1,0,0.2583289741317484,False,Moderate
1,0,0.42409920470462703,False,Moderate
0,0,0.28644307507977756,True,Moderate
0,0,0.06963096959402908,True,Low
1,0,0.21385405103113184,False,Low
1,0,0.19385577128312634,False,Low
0,0,0.25171564713736383,True,Moderate
0,0,0.2286326321958718,True,Low
0,0,0.2023278405678428,True,Low
0,0,0.10736763799221521,True,Low
0,0,0.20521644910834422,True,Low
0,0,0.21440135988136538,True,Low
0,0,0.13947374317912536,True,Low
0,0,0.33706716082599397,True,Moderate
0,0,0.21014640933388082,True,Low
0,0,0.15165238521748398,True,Low
0,0,0.11849417432758434,True,Low
0,0,0.1841136453429456,True,Low
0,0,0.3029298047625393,True,Moderate
1,0,0.21709120247000638,False,Low
0,0,0.23889747868320066,True,Low
0,0,0.24950018805333443,True,Low
0,0,0.21506641678829957,True,Low
1,0,0.06800507376130034,False,Low
0,0,0.10244500749444245,True,Low
0,0,0.09047115248914418,True,Low
0,0,0.2582665296308678,True,Moderate
1,0,0.37875066657816747,False,Moderate
0,0,0.17901476786011686,True,Low
0,0,0.058198081559269574,True,Low
0,0,0.11371994249344856,True,Low
1,0,0.21911873041992896,False,Low
0,0,0.15036181146422292,True,Low
0,0,0.3015569858777492,True,Moderate
0,0,0.14801778560585604,True,Low
0,0,0.15213911738290004,True,Low
0,0,0.12752712415457335,True,Low
0,0,0.04938682160872231,True,Low
1,0,0.480820478755667,False,Moderate
0,0,0.2582303254585499,True,Moderate
0,0,0.27303525918205646,True,Moderate
0,0,0.18230300916417716,True,Low
0,0,0.4193721903774999,True,Moderate
0,0,0.11054071498461726,True,Low
0,0,0.16312365685394764,True,Low
1,0,0.24457090426392805,False,Low
0,0,0.05502405949954422,True,Low
0,0,0.23587091320429732,True,Low
0,0,0.20874748401052434,True,Low
0,0,0.1190862589659879,True,Low
0,0,0.23847572787107427,True,Low
0,0,0.1809586164804127,True,Low
0,0,0.22680758366846127,True,Low
0,0,0.10398035060271751,True,Low
0,0,0.017424197952037902,True,Low
0,0,0.16442299200031274,True,Low
0,0,0.19238136673709913,True,Low
0,1,0.7232864340222507,False,High
0,0,0.08747117055963824,True,Low
1,0,0.16182816345550086,False,Low
0,0,0.1571820454579009,True,Low
1,1,0.6399554369014608,True,High
0,0,0.26601783440527654,True,Moderate
0,0,0.04860631138859319,True,Low
0,0,0.07389917628347165,True,Low
0,0,0.28274505829492724,True,Moderate
0,0,0.05279419292438764,True,Low
0,0,0.15541225625969934,True,Low
0,0,0.11270212059976906,True,Low
1,1,0.6089436495512187,True,High
0,0,0.12921032360369608,True,Low
0,0,0.29230833780887905,True,Moderate
0,0,0.07005083101105268,True,Low
0,0,0.24017829138438665,True,Low
0,0,0.05043976787589539,True,Low
0,0,0.03648352058576479,True,Low
0,0,0.17797369610168162,True,Low
1,1,0.6464318878938385,True,High
1,0,0.4458878411909521,False,Moderate
0,0,0.2724803619227699,True,Moderate
0,0,0.45026733568017013,True,Moderate
1,0,0.11695579915217044,False,Low
0,0,0.19217614648676737,True,Low
0,0,0.1779696320758783,True,Low
0,0,0.07181195477498603,True,Low
0,0,0.1215724373644,True,Low
1,0,0.4234150745684566,False,Moderate
0,0,0.16294390445536477,True,Low
1,1,0.5516833429706419,True,High
1,0,0.1377552665340427,False,Low
0,0,0.45474067481159025,True,Moderate
0,0,0.11896242891857776,True,Low
0,0,0.11878296854193267,True,Low
0,0,0.22822563338569507,True,Low
0,0,0.20398011675366345,True,Low
0,0,0.3748917910489219,True,Moderate
0,0,0.20143495691013424,True,Low
0,0,0.21134879608962479,True,Low
0,0,0.19981418680436902,True,Low
0,0,0.19618364588518525,True,Low
1,1,0.6495960283840801,True,High
0,0,0.20256455618022318,True,Low
1,1,0.5974791381079173,True,High
0,0,0.47504919361451026,True,Moderate
0,0,0.06687409674714552,True,Low
0,0,0.0684055812626418,True,Low
0,0,0.16558321663759692,True,Low
0,0,0.12889261798074267,True,Low
0,0,0.06465025945600637,True,Low
0,0,0.23798671361403206,True,Low
0,0,0.23435284824215202,True,Low
0,0,0.24859445709476835,True,Low
0,0,0.21435866466538828,True,Low
0,0,0.19323062525743534,True,Low
1,1,0.5731181322992306,True,High
0,0,0.2449247717852454,True,Low
0,0,0.17410180644230938,True,Low
0,0,0.49731570329952196,True,Moderate
0,0,0.19681660549398725,True,Low
1,0,0.04410588434959135,False,Low
1,0,0.3773489379175237,False,Moderate
1,0,0.246265134461647,False,Low
1,0,0.4803281119588763,False,Moderate
0,0,0.23271307713265196,True,Low
0,0,0.16747759898913914,True,Low
0,0,0.3887962469186848,True,Moderate
0,0,0.08359164456747004,True,Low
0,0,0.07696433522324349,True,Low
0,0,0.19028731785225877,True,Low
1,0,0.08698558281409804,False,Low
0,0,0.19152285384548515,True,Low
0,0,0.35901786076249126,True,Moderate
0,0,0.13032651194010084,True,Low
0,0,0.3659281761172056,True,Moderate
0,0,0.056797103244018356,True,Low
1,0,0.03394427595563009,False,Low
0,0,0.300766034895662,True,Moderate
1,0,0.19790865473171673,False,Low
0,0,0.2078841433311051,True,Low
0,0,0.1349666256422385,True,Low
0,0,0.12336085471861498,True,Low
1,0,0.1276695458257495,False,Low
1,0,0.16153683436464886,False,Low
0,0,0.12859945802399392,True,Low
0,0,0.059854189764311866,True,Low
0,0,0.20636175489621458,True,Low
0,0,0.11697381732288614,True,Low
1,0,0.11593571374377212,False,Low
0,0,0.12181432818633256,True,Low
0,0,0.4392174750686839,True,Moderate
0,0,0.1052774765232141,True,Low
1,1,0.7480207180181682,True,High
0,0,0.17655212768013917,True,Low
0,0,0.13603209005719494,True,Low
0,0,0.05526520053929874,True,Low
0,1,0.5555772501217943,False,High
0,0,0.13496178118304114,True,Low
0,0,0.19987004414545975,True,Low
1,0,0.24017046473182435,False,Low
0,0,0.2774042856398171,True,Moderate
0,0,0.23326473044489376,True,Low
0,0,0.09626281826949584,True,Low
0,0,0.24254526310334304,True,Low
1,1,0.6658644557633066,True,High
0,0,0.1880347499927215,True,Low
0,0,0.1814788655382993,True,Low
0,0,0.2717943903439581,True,Moderate
0,0,0.23099137072448298,True,Low
0,0,0.031767073460730495,True,Low
0,0,0.4921017834559851,True,Moderate
0,0,0.0566522021792309,True,Low
0,0,0.1087931985968813,True,Low
1,1,0.5440080782524394,True,High
0,0,0.04638115505336564,True,Low
1,1,0.9104512755304064,True,Very High
0,0,0.2932050680379068,True,Moderate
0,0,0.04331334765378901,True,Low
0,0,0.21213163651417863,True,Low
0,0,0.11165295677853727,True,Low
0,0,0.12603244814329279,True,Low
0,0,0.40331584843822693,True,Moderate
0,0,0.13176803357855732,True,Low
0,0,0.16649667665081438,True,Low
0,0,0.17900899716009713,True,Low
1,1,0.5187083225476812,True,High
1,0,0.3651395254673048,False,Moderate
0,1,0.5633926673186844,False,High
0,0,0.06507275582434296,True,Low
0,0,0.20164996996753715,True,Low
0,0,0.2819522772395185,True,Moderate
0,0,0.1960636504510793,True,Low
1,0,0.13170539278241172,False,Low
0,0,0.12881655620089003,True,Low
1,0,0.3737985344496987,False,Moderate
1,0,0.12157543431943268,False,Low
0,0,0.033071744441118094,True,Low
0,0,0.3069258951518444,True,Moderate
0,0,0.26313612169238676,True,Moderate
1,0,0.23181118201637577,False,Low
0,0,0.18638404734782418,True,Low
0,0,0.09151006655905913,True,Low
1,1,0.5370880662366392,True,High
0,0,0.20717319839137657,True,Low
0,0,0.25778369471375207,True,Moderate
1,0,0.16115068155540757,False,Low
0,0,0.2426978975866575,True,Low
0,0,0.3340926246789712,True,Moderate
0,0,0.21894367197963605,True,Low
0,0,0.12590106471516496,True,Low
1,0,0.1224320704722249,False,Low
1,1,0.5131399947124806,True,High
0,0,0.2635080188993986,True,Moderate
0,0,0.12204518232412923,True,Low
0,0,0.4388822603251664,True,Moderate
0,0,0.4772063746678607,True,Moderate
1,1,0.9667158450635566,True,Very High
0,0,0.14141063459437594,True,Low
0,0,0.26827311142756016,True,Moderate
1,0,0.45616223942642875,False,Moderate
0,0,0.22773934062096624,True,Low
0,0,0.3984518631085535,True,Moderate
0,0,0.2072126696625988,True,Low
0,0,0.0699097108607632,True,Low
0,0,0.15569196235698968,True,Low
0,0,0.08066586504119719,True,Low
0,0,0.040609346075033026,True,Low
1,0,0.43980310857504734,False,Moderate
0,0,0.19865950850492547,True,Low
0,0,0.16950816597734633,True,Low
0,0,0.13226382777743373,True,Low
0,1,0.6070464302758001,False,High
0,0,0.2328017706247821,True,Low
1,0,0.40526321042717284,False,Moderate
1,0,0.25875658727307393,False,Moderate
0,0,0.30164352111484505,True,Moderate
0,0,0.25062240938314584,True,Moderate
0,0,0.19584622921089775,True,Low
0,0,0.1429334906411489,True,Low
0,0,0.2490167895440735,True,Low
1,0,0.18729525144790915,False,Low
0,0,0.019013683076037964,True,Low
0,0,0.28541932245889684,True,Moderate
0,0,0.15987734233309453,True,Low
0,0,0.22874631773210083,True,Low
0,0,0.10264356960618448,True,Low
0,0,0.04512087324079976,True,Low
0,0,0.03572189212137849,True,Low
0,0,0.14875638226749638,True,Low
0,0,0.1862019509114619,True,Low
0,0,0.10720751011817466,True,Low
0,0,0.06161576760384871,True,Low
0,0,0.06537967630682515,True,Low
1,0,0.19122342181509527,False,Low
0,0,0.08980842556883155,True,Low
1,0,0.18416202343678506,False,Low
0,0,0.24585902681256586,True,Low
0,0,0.03975726320658368,True,Low
0,0,0.12262794194223232,True,Low
0,0,0.2467873119880589,True,Low
0,0,0.06115255401371616,True,Low
0,0,0.11564531364115559,True,Low
1,0,0.14180388447634734,False,Low
1,1,0.6108161052821904,True,High
0,0,0.2155469190696189,True,Low
0,0,0.18280557155284358,True,Low
0,0,0.11531162460188933,True,Low
1,1,0.8643223999915259,True,Very High
0,0,0.21855726250971722,True,Low
0,0,0.1504148001286406,True,Low
0,0,0.13427812625549368,True,Low
1,0,0.2781810112001018,False,Moderate
0,0,0.06626127050098272,True,Low
0,0,0.13809023608629933,True,Low
0,0,0.21935465040290936,True,Low
0,0,0.22837819079914237,True,Low
0,0,0.21732219173119638,True,Low
1,1,0.6493704977223721,True,High
1,0,0.23781190221993234,False,Low
1,1,0.7295815897478686,True,High
0,0,0.4167263034591772,True,Moderate
0,0,0.13072763544310056,True,Low
0,0,0.3169509412369835,True,Moderate
0,0,0.0580183496603634,True,Low
0,0,0.02622337016385381,True,Low
0,0,0.3268637425985507,True,Moderate
0,0,0.2263466117574141,True,Low
0,0,0.2687010430291426,True,Moderate
0,0,0.08375064539534682,True,Low
0,0,0.10038905202886511,True,Low
0,0,0.3628705115591628,True,Moderate
0,0,0.23768882125401875,True,Low
0,0,0.43909344411966184,True,Moderate
0,0,0.15496358686981898,True,Low
1,0,0.23845452722401048,False,Low
0,0,0.23736803198040987,True,Low
0,0,0.23505572064470043,True,Low
0,1,0.72407356538798,False,High
1,0,0.2515498512395705,False,Moderate
1,1,0.648441637129616,True,High
0,0,0.4681965724303844,True,Moderate
1,0,0.4932307178859656,False,Moderate
0,0,0.09273554334628098,True,Low
1,0,0.2977056874623587,False,Moderate
0,0,0.31062029696272564,True,Moderate
1,0,0.44687673799943434,False,Moderate
0,0,0.11518871927733552,True,Low
0,0,0.19718376676920657,True,Low
0,0,0.05606082506178961,True,Low
0,0,0.22103640927868515,True,Low
0,0,0.17782485664780348,True,Low
0,0,0.1873292795012711,True,Low
0,0,0.18413061104065748,True,Low
0,0,0.12272530721724384,True,Low
0,1,0.7146504809605927,False,High
0,0,0.10263022392331404,True,Low
0,0,0.10377889496828678,True,Low
0,0,0.15371337416042052,True,Low
0,0,0.07213324242333481,True,Low
0,0,0.11419127322274146,True,Low
1,1,0.5234913702100354,True,High
0,0,0.18441637758233315,True,Low
0,0,0.1857025092312617,True,Low
0,0,0.04820201671755739,True,Low
0,0,0.22963845447227263,True,Low
0,0,0.24548438363345293,True,Low
0,0,0.21684885374057544,True,Low
0,0,0.15325644707455113,True,Low
0,0,0.24273505095464395,True,Low
0,0,0.06112554482121009,True,Low
1,0,0.46573686799400693,False,Moderate
0,0,0.12892805926857703,True,Low
1,0,0.22052415187948343,False,Low
1,0,0.12768052036385508,False,Low
0,0,0.16643710538115788,True,Low
0,0,0.223293084177625,True,Low
1,0,0.12765668207823005,False,Low
0,0,0.19357860342430833,True,Low
0,0,0.23282413114520423,True,Low
0,0,0.23535675567720976,True,Low
0,0,0.09174684324469255,True,Low
1,0,0.04961240031298058,False,Low
1,0,0.23567568027979735,False,Low
1,0,0.28554999240272744,False,Moderate
0,0,0.06030236428424936,True,Low
1,0,0.3914581004640405,False,Moderate
0,0,0.028855017406787697,True,Low
0,0,0.21880335446376561,True,Low
1,0,0.21356986156494465,False,Low
0,0,0.05388639900058057,True,Low
1,1,0.6554407086293854,True,High
1,0,0.009073613888324313,False,Low
0,0,0.06840736698604083,True,Low
0,0,0.22738186392976023,True,Low
1,0,0.42033715604709704,False,Moderate
0,0,0.03955716893183142,True,Low
0,0,0.18974278045383347,True,Low
0,0,0.20658041581398054,True,Low
0,0,0.39220170391305587,True,Moderate
1,0,0.2654078175567307,False,Moderate
1,1,0.6094412888551005,True,High
0,0,0.47878270530660105,True,Moderate
1,1,0.5690863455126794,True,High
0,0,0.20459954677032902,True,Low
0,0,0.2502356758425205,True,Moderate
1,0,0.04433558651036786,False,Low
0,0,0.24504375262927766,True,Low
0,1,0.5117354638096501,False,High
0,0,0.08679731152779901,True,Low
0,0,0.17605300159567935,True,Low
1,0,0.3594713668056377,False,Moderate
1,1,0.6724178164670274,True,High
1,0,0.20071826126830064,False,Low
1,0,0.09513808823010568,False,Low
0,0,0.22520654912320878,True,Low
0,0,0.10301109695601288,True,Low
0,0,0.21226174456467953,True,Low
1,0,0.25665622022132556,False,Moderate
0,0,0.0492084613708216,True,Low
0,0,0.2779317145999297,True,Moderate
1,0,0.14752349565758674,False,Low
1,0,0.2434084967473223,False,Low
1,0,0.21462492365823393,False,Low
0,0,0.43914603020383314,True,Moderate
0,0,0.23711795814342923,True,Low
1,0,0.14840743901614928,False,Low
0,0,0.13817598909577178,True,Low
0,0,0.4604529856849326,True,Moderate
1,1,0.7297346406083108,True,High
0,0,0.19603386152637603,True,Low
0,0,0.06380864163120677,True,Low
0,0,0.13359288333299993,True,Low
0,0,0.2539585267800518,True,Moderate
0,0,0.24706756923323023,True,Low
0,0,0.06582710552418056,True,Low
0,0,0.1660279568902661,True,Low
0,0,0.25509950064584475,True,Moderate
0,1,0.7175654263080645,False,High
1,1,0.5235819424977609,True,High
0,1,0.5608461672775417,False,High
0,0,0.11797861810337498,True,Low
0,0,0.15502095723115555,True,Low
1,0,0.05706848230341585,False,Low
0,0,0.078964865255292,True,Low
0,0,0.06230201108465155,True,Low
0,0,0.19545088347490003,True,Low
0,0,0.0617871049681564,True,Low
1,0,0.15514153755510124,False,Low
1,0,0.22742951180936455,False,Low
0,0,0.08975040700758569,True,Low
0,0,0.3080542502647876,True,Moderate
0,0,0.2410290583390703,True,Low
1,0,0.2586461963196023,False,Moderate
1,1,0.768354808595472,True,Very High
1,0,0.10854802012496843,False,Low
0,0,0.28022644553443826,True,Moderate
1,0,0.10462254510376702,False,Low
0,0,0.06285272781329077,True,Low
0,0,0.17682579679072238,True,Low
0,0,0.23084164162005197,True,Low
0,0,0.10569325734816033,True,Low
1,0,0.3287506184668904,False,Moderate
0,0,0.07247576626434711,True,Low
0,0,0.19119201500541647,True,Low
0,0,0.18851750979907314,True,Low
0,0,0.12361482199255937,True,Low
0,0,0.24030163286801054,True,Low
0,0,0.16901819299045784,True,Low
0,0,0.11614491305015509,True,Low
0,0,0.28111589043262136,True,Moderate
0,0,0.20514971230403542,True,Low
0,0,0.11593359885346198,True,Low
0,0,0.08266493924926992,True,Low
0,0,0.16681495414972422,True,Low
1,0,0.40822028897151585,False,Moderate
1,1,0.5299888099138663,True,High
1,0,0.22970792213015695,False,Low
0,0,0.4790910284928734,True,Moderate
0,0,0.14070110299478622,True,Low
1,0,0.10665974790467123,False,Low
1,0,0.2729645533315749,False,Moderate
0,0,0.21061829166321333,True,Low
0,0,0.2217531611131901,True,Low
1,0,0.22196959611565445,False,Low
0,0,0.18544460180997646,True,Low
0,0,0.18760479282587583,True,Low
0,0,0.46948652067464,True,Moderate
0,0,0.019835422340145542,True,Low
0,0,0.22931034803908953,True,Low
0,0,0.10742038477392737,True,Low
0,0,0.050782752536183695,True,Low
0,0,0.08506724964358917,True,Low
0,0,0.12746133043138874,True,Low
0,0,0.387211041486269,True,Moderate
0,0,0.40704372456341587,True,Moderate
0,0,0.3258644971612007,True,Moderate
0,0,0.24057715036087435,True,Low
0,0,0.21864448166347383,True,Low
0,0,0.11204554909302746,True,Low
0,0,0.050475378217939695,True,Low
0,0,0.11026224302205216,True,Low
0,0,0.13403953572410837,True,Low
0,0,0.12146813874564291,True,Low
0,0,0.25244699631157597,True,Moderate
0,0,0.11945659274667284,True,Low
0,0,0.23272200991335265,True,Low
0,0,0.1179836811500219,True,Low
0,0,0.058617025101926123,True,Low
1,1,0.6188783155162486,True,High
0,0,0.2106813402526687,True,Low
1,1,0.7840935329615978,True,Very High
0,0,0.15651629895338037,True,Low
1,1,0.6290615347191785,True,High
1,1,0.5547527589778295,True,High
1,0,0.4321144949848243,False,Moderate
0,0,0.1284394051368231,True,Low
0,0,0.20290328824397105,True,Low
1,0,0.06842524116762065,False,Low
0,0,0.22972245455097792,True,Low
0,1,0.6292838505176053,False,High
1,0,0.3423882795148206,False,Moderate
0,0,0.23829772440715466,True,Low
0,0,0.24104637663841663,True,Low
0,0,0.21369179661091844,True,Low
0,0,0.14806530413759805,True,Low
0,0,0.14981374846370427,True,Low
1,0,0.11439963488807994,False,Low
1,0,0.1864105096064983,False,Low
0,0,0.15356390268948653,True,Low
1,0,0.2254917308868457,False,Low
0,0,0.1834554650922817,True,Low
0,0,0.06781556515917118,True,Low
0,0,0.2348323361643601,True,Low
0,0,0.19411247422145106,True,Low
0,0,0.12243777401028455,True,Low
1,0,0.12375017151692555,False,Low
1,0,0.14672898948103927,False,Low
0,0,0.27294163665475324,True,Moderate
0,0,0.18037076013722617,True,Low
0,0,0.12777061939835238,True,Low
0,0,0.2516305687650719,True,Moderate
0,0,0.004100219228853025,True,Low
0,0,0.23110438485717522,True,Low
1,0,0.4739695088467792,False,Moderate
0,0,0.1815913977586735,True,Low
0,0,0.06772430601413003,True,Low
0,0,0.21363711328041995,True,Low
1,0,0.19615992184554654,False,Low
0,0,0.3085198891980828,True,Moderate
1,0,0.11699547366232595,False,Low
0,0,0.05779189940316239,True,Low
0,1,0.5251290554242097,False,High
0,0,0.034718136654818266,True,Low
0,0,0.21218899588685525,True,Low
0,0,0.31614250092737467,True,Moderate
0,0,0.08983417787563767,True,Low
0,0,0.1858823888756726,True,Low
0,0,0.062126571340449306,True,Low
0,0,0.22760176339981864,True,Low
0,0,0.2224823860193009,True,Low
1,0,0.10997246130200117,False,Low
0,0,0.0625298148060992,True,Low
1,0,0.12214643915796608,False,Low
0,0,0.08734905455169918,True,Low
1,0,0.39811837839147063,False,Moderate
1,0,0.25850310643436036,False,Moderate
0,0,0.1746468524149522,True,Low
1,0,0.12506422464824943,False,Low
0,0,0.16447849234473538,True,Low
0,0,0.22630636151422892,True,Low
1,1,0.5675521687029687,True,High
0,0,0.025088708120600756,True,Low
0,0,0.056750296782543376,True,Low
0,0,0.26527683301714605,True,Moderate
0,0,0.24883070731885434,True,Low
0,0,0.2222803718287843,True,Low
0,0,0.18219965035231128,True,Low
1,0,0.2899050973354338,False,Moderate
0,0,0.18621325057250573,True,Low
0,0,0.14225154413509672,True,Low
0,0,0.23015204498453365,True,Low
1,0,0.11266647046798664,False,Low
0,0,0.1862390575935402,True,Low
0,0,0.12180506801415711,True,Low
1,0,0.2670157565475713,False,Moderate
0,0,0.09676753672319025,True,Low
0,0,0.05888609757078432,True,Low
1,0,0.12321704689451064,False,Low
0,0,0.0546878010541949,True,Low
0,0,0.17144367890494863,True,Low
0,0,0.20639758871677313,True,Low
0,0,0.10839639382396549,True,Low
0,0,0.08899205705271936,True,Low
0,0,0.4363689008774911,True,Moderate
0,0,0.07637032394993341,True,Low
0,0,0.30255432030309126,True,Moderate
0,0,0.03587272984922307,True,Low
0,0,0.25868111188025483,True,Moderate
0,0,0.2715556036788234,True,Moderate
0,0,0.16675416859593317,True,Low
0,0,0.4207606380960356,True,Moderate
0,0,0.07245876459831493,True,Low
0,0,0.18720413137487424,True,Low
0,0,0.12946594707900752,True,Low
0,0,0.13748336005744735,True,Low
0,0,0.055776860834208374,True,Low
1,0,0.20478048857959935,False,Low
0,0,0.16320905837797992,True,Low
1,0,0.29410577846973923,False,Moderate
0,0,0.22026354258373626,True,Low
0,0,0.09214012028145824,True,Low
0,0,0.04708233903867304,True,Low
0,0,0.46656092743512884,True,Moderate
0,0,0.16621822847563206,True,Low
0,0,0.13619137299858533,True,Low
0,0,0.0856962000471742,True,Low
0,0,0.19513186147738282,True,Low
1,0,0.16063105760805046,False,Low
0,0,0.10773262956635433,True,Low
0,0,0.1066489987053938,True,Low
0,0,0.2523507559661136,True,Moderate
0,0,0.22589098248998882,True,Low
0,0,0.2136229113295983,True,Low
0,0,0.499692702450278,True,Moderate
0,0,0.21252763775339042,True,Low
0,0,0.24635877137150822,True,Low
0,0,0.27849317195983964,True,Moderate
0,0,0.17697530710999884,True,Low
0,0,0.10432345138434869,True,Low
0,0,0.11512625855575347,True,Low
0,0,0.28022567457337133,True,Moderate
0,0,0.0053670483815789986,True,Low
1,0,0.29005309484389225,False,Moderate
0,0,0.07075639662484706,True,Low
0,0,0.3851683731846915,True,Moderate
0,0,0.17953658367378125,True,Low
0,0,0.04843138201950799,True,Low
1,0,0.21150363537743339,False,Low
0,0,0.12826512180573157,True,Low
0,0,0.18099718360989975,True,Low
0,0,0.25785777864821086,True,Moderate
0,0,0.05967045724446568,True,Low
0,0,0.4952402968796831,True,Moderate
0,0,0.21529066761715193,True,Low
0,0,0.004963894449552127,True,Low
0,0,0.08271895518313638,True,Low
0,0,0.07051584830296026,True,Low
0,0,0.17006078868689659,True,Low
1,0,0.20191115620724281,False,Low
0,0,0.22395151129243707,True,Low
0,0,0.10120140349996438,True,Low
0,0,0.21363644690889894,True,Low
0,0,0.2087548646640913,True,Low
0,0,0.09231661718102332,True,Low
0,0,0.257673423243234,True,Moderate
0,0,0.23049605318323216,True,Low
0,0,0.0608375267989833,True,Low
0,0,0.0821621689898604,True,Low
1,0,0.19695471933783454,False,Low
0,0,0.21251830078333184,True,Low
0,0,0.24617641854531905,True,Low
1,0,0.2500816603737795,False,Moderate
0,0,0.05361039346210581,True,Low
0,0,0.17666530602811123,True,Low
0,0,0.18997713587027484,True,Low
0,0,0.25162168495725645,True,Moderate
1,0,0.4585226392069338,False,Moderate
0,0,0.17987848329764608,True,Low
0,0,0.23335884018564154,True,Low
1,0,0.4695914862090998,False,Moderate
1,0,0.3145336085829991,False,Moderate
0,0,0.16587276482576113,True,Low
0,0,0.03991273374501078,True,Low
0,0,0.14557991903960954,True,Low
1,0,0.190222651168213,False,Low
0,0,0.10806776743953664,True,Low
0,0,0.12991740492054463,True,Low
0,0,0.2200102062283458,True,Low
0,0,0.10293032502845686,True,Low
0,0,0.3282563150560529,True,Moderate
0,0,0.12094467731755541,True,Low
0,0,0.1736753467419387,True,Low
0,0,0.22868959746271164,True,Low
0,0,0.09258928853909285,True,Low
0,0,0.23020778453191554,True,Low
1,1,0.506065350442775,True,High
0,0,0.21237323585995135,True,Low
0,0,0.2253365697798998,True,Low
0,0,0.1366988282838802,True,Low
0,0,0.2040355270108544,True,Low
1,0,0.12747459945552786,False,Low
0,0,0.18951216443994923,True,Low
0,0,0.14144640367785913,True,Low
1,0,0.03891702359366959,False,Low
0,0,0.09797607262334812,True,Low
0,0,0.20124662471699714,True,Low
0,0,0.19891501096125225,True,Low
0,0,0.12169021913253278,True,Low
0,0,0.23224647121037173,True,Low
0,0,0.35161415053153716,True,Moderate
1,0,0.265069688941254,False,Moderate
0,0,0.16984475380921948,True,Low
0,0,0.065462865674414,True,Low
0,0,0.13543852103211765,True,Low
1,0,0.1285452354734571,False,Low
0,0,0.06783163934654302,True,Low
0,0,0.1208963035025138,True,Low
0,0,0.2514400659229283,True,Moderate
0,1,0.8315295340665292,False,Very High
0,0,0.25504264292521855,True,Moderate
0,0,0.1815222135016284,True,Low
1,0,0.22177570683387052,False,Low
0,0,0.22718072409494172,True,Low
0,1,0.6185246792040638,False,High
0,0,0.10890990981623205,True,Low
0,0,0.052123207229461524,True,Low
1,1,0.5437823352230909,True,High
1,0,0.2576297044576427,False,Moderate
1,0,0.05018743175207205,False,Low
0,0,0.24005812396641923,True,Low
0,0,0.16605084103845796,True,Low
0,0,0.025178184094966083,True,Low
0,0,0.2051914060642898,True,Low
0,0,0.24629884736147784,True,Low
1,0,0.3914009582794128,False,Moderate
0,0,0.0733378207719373,True,Low
0,0,0.1171411091702405,True,Low
0,0,0.21968128149516356,True,Low
0,0,0.1670948983649101,True,Low
0,0,0.23200254570174753,True,Low
1,0,0.13912631414133464,False,Low
1,0,0.41390153594679086,False,Moderate
1,0,0.23367340220175456,False,Low
0,1,0.8046690618252137,False,Very High
0,0,0.1914192286670669,True,Low
0,0,0.18925616735979325,True,Low
1,0,0.45699504673812485,False,Moderate
0,0,0.0337419561667509,True,Low
0,0,0.4353664879805269,True,Moderate
0,0,0.14825234721637776,True,Low
1,1,0.6079914825675822,True,High
1,0,0.18797276274591232,False,Low
0,0,0.19023408698666114,True,Low
1,0,0.21369985243178466,False,Low
0,0,0.13612153134539207,True,Low
0,0,0.19825909897310973,True,Low
0,0,0.19875784360276408,True,Low
0,0,0.25225780802056946,True,Moderate
0,0,0.1057846788234837,True,Low
0,0,0.18415836157076818,True,Low
0,0,0.18740563425817666,True,Low
0,0,0.05542065272623207,True,Low
0,0,0.26640549736962016,True,Moderate
0,0,0.17172979083650616,True,Low
0,0,0.12187675438273396,True,Low
0,0,0.1137763103373241,True,Low
0,0,0.1390284707669585,True,Low
1,0,0.12733575172683909,False,Low
1,0,0.2737469861839379,False,Moderate
0,0,0.18047575978542002,True,Low
0,0,0.2274006902583215,True,Low
0,0,0.36436704496724187,True,Moderate
0,0,0.15097814044168192,True,Low
0,0,0.10327271110743572,True,Low
0,0,0.30686617199331273,True,Moderate
0,0,0.04304756621492497,True,Low
0,0,0.04953337053998279,True,Low
0,0,0.0871723204346153,True,Low
1,0,0.1621140681627217,False,Low
0,0,0.14058745319552823,True,Low
0,0,0.2753618042121821,True,Moderate
0,0,0.20273842579126553,True,Low
0,0,0.141520516103721,True,Low
0,0,0.19767812704935833,True,Low
0,0,0.1548670427528418,True,Low
0,0,0.13024270759537465,True,Low
0,0,0.04064822421483489,True,Low
0,0,0.16315370926952802,True,Low
0,0,0.14839462392199768,True,Low
1,0,0.4750700387682963,False,Moderate
1,0,0.24373768389896922,False,Low
0,0,0.18337743988941385,True,Low
1,1,0.9143417452026192,True,Very High
0,0,0.154021370626904,True,Low
0,0,0.1424743209924188,True,Low
0,0,0.1704922170303437,True,Low
0,0,0.2330807442412396,True,Low
1,0,0.16182124876174306,False,Low
0,0,0.2005331058768088,True,Low
0,0,0.13044200472601372,True,Low
1,0,0.24378846300557522,False,Low
1,0,0.2450179180440448,False,Low
0,0,0.14473252277723694,True,Low
0,0,0.07912402966457233,True,Low
1,0,0.11650781394922025,False,Low
0,0,0.19032053045552697,True,Low
1,0,0.15503654168625033,False,Low
0,0,0.1807413394629906,True,Low
0,0,0.21701803903487685,True,Low
1,0,0.1012456999977184,False,Low
0,0,0.19998663666749375,True,Low
1,0,0.2658283707283805,False,Moderate
0,0,0.22546346802006675,True,Low
1,0,0.45774159716359575,False,Moderate
0,0,0.2453145068495528,True,Low
0,0,0.2267348421507449,True,Low
0,0,0.22777598094494036,True,Low
0,0,0.1870527096473321,True,Low
0,0,0.19700033210168127,True,Low
0,0,0.17008192294495014,True,Low
0,0,0.17086459172186522,True,Low
0,0,0.04761638616169864,True,Low
0,0,0.22187280556546704,True,Low
0,0,0.34332525497138283,True,Moderate
1,0,0.2896312694799894,False,Moderate
0,0,0.23003695901869206,True,Low
1,0,0.1723914977783316,False,Low
0,0,0.22514722844594054,True,Low
0,0,0.17469984860148363,True,Low
0,0,0.18930993469868124,True,Low
0,0,0.25395528324565714,True,Moderate
0,0,0.22159548772874402,True,Low
0,0,0.1634070154689503,True,Low
0,0,0.21832499924243187,True,Low
0,0,0.2845076481563086,True,Moderate
0,0,0.19864761492283525,True,Low
0,0,0.2073953576031547,True,Low
1,0,0.17607812422040778,False,Low
1,1,0.6307403197024791,True,High
0,0,0.039428557730858335,True,Low
1,1,0.5942609186707475,True,High
0,0,0.22487739943327847,True,Low
0,0,0.26589040897902466,True,Moderate
0,0,0.19168207272145737,True,Low
0,0,0.0979370780426612,True,Low
1,0,0.29891580409831725,False,Moderate
1,0,0.1321130612433264,False,Low
1,0,0.24768786780153793,False,Low
0,0,0.1734804598919885,True,Low
0,0,0.2838947954349163,True,Moderate
0,0,0.05962222447014749,True,Low
1,0,0.24185613389255117,False,Low
0,0,0.1785661836559099,True,Low
0,0,0.24225754103430075,True,Low
0,0,0.19794169604618198,True,Low
0,0,0.21052250547575313,True,Low
0,0,0.09869528896874107,True,Low
0,1,0.5670906654833189,False,High
0,0,0.11720814963615485,True,Low
0,0,0.14871233987141882,True,Low
1,0,0.42348571888163333,False,Moderate
0,0,0.28351668769150795,True,Moderate
1,0,0.09961678749000644,False,Low
0,0,0.03147132356886326,True,Low
0,0,0.21588662252538812,True,Low
0,0,0.247800683469281,True,Low
0,0,0.42130502625530997,True,Moderate
0,0,0.12790120662439106,True,Low
1,0,0.1728466475760625,False,Low
0,0,0.13765286944925872,True,Low
0,0,0.12793196707675503,True,Low
1,0,0.40822745215289813,False,Moderate
0,0,0.004694555493485126,True,Low
1,1,0.6990318761805184,True,High
0,0,0.25934814900949776,True,Moderate
0,0,0.03187173946142657,True,Low
0,0,0.20059162632523694,True,Low
0,0,0.4862947857049042,True,Moderate
0,0,0.18788355287299077,True,Low
0,0,0.11246932606862234,True,Low
0,0,0.15157190365471923,True,Low
1,0,0.1454637402648914,False,Low
0,0,0.15033986522294607,True,Low
1,0,0.1434061041469932,False,Low
1,0,0.21300916425738634,False,Low
0,0,0.21942755045539805,True,Low
0,0,0.06199987224996676,True,Low
0,0,0.07251988110959749,True,Low
1,0,0.23673056503170284,False,Low
0,1,0.5586362073822281,False,High
0,0,0.2862383970876162,True,Moderate
0,0,0.3359313974528781,True,Moderate
1,1,0.6138018928224271,True,High
0,0,0.1701646406059464,True,Low
0,0,0.05222212882239687,True,Low
0,0,0.09607344298046994,True,Low
0,0,0.19374679954503177,True,Low
0,0,0.22369615860025757,True,Low
0,0,0.22004368781364564,True,Low
0,0,0.216568982517087,True,Low
0,0,0.41337610372817224,True,Moderate
0,0,0.12755157203408954,True,Low
0,0,0.1459912151695027,True,Low
0,0,0.20030135938195717,True,Low
0,0,0.1164928338775392,True,Low
0,0,0.21022207929390313,True,Low
0,0,0.22443190024879286,True,Low
1,0,0.20815044319737652,False,Low
0,0,0.20008498156938345,True,Low
0,0,0.08071113249746052,True,Low
0,0,0.1809055254682463,True,Low
0,0,0.15999843924004464,True,Low
0,0,0.2737688047456265,True,Moderate
0,0,0.09224394989498491,True,Low
1,0,0.46776557398962765,False,Moderate
0,0,0.25402986821656737,True,Moderate
1,0,0.17534875325134464,False,Low
0,0,0.20152565251512272,True,Low
1,0,0.49910913889839587,False,Moderate
0,0,0.11750273836358843,True,Low
0,0,0.39157406896783925,True,Moderate
0,0,0.088350015747503,True,Low
1,0,0.2726146193456084,False,Moderate
0,0,0.16822906983999825,True,Low
0,0,0.002929155948935969,True,Low
0,0,0.21659571017649798,True,Low
0,0,0.21616427767865976,True,Low
0,0,0.14032538103502248,True,Low
0,0,0.0065413500335916395,True,Low
0,0,0.2155154228553411,True,Low
0,0,0.1521607584221338,True,Low
0,0,0.11414266211733486,True,Low
0,0,0.20363335256746326,True,Low
0,0,0.055855430349870366,True,Low
0,0,0.2319781963540027,True,Low
0,0,0.10983505525995742,True,Low
0,0,0.13845920218434676,True,Low
0,0,0.38862755653795356,True,Moderate
0,0,0.16479206931623042,True,Low
1,0,0.4842146617868811,False,Moderate
0,0,0.2564728519046655,True,Moderate
0,0,0.13630335947728653,True,Low
0,0,0.042514806456688405,True,Low
0,0,0.2404975269334466,True,Low
0,0,0.17766643035088547,True,Low
0,0,0.1224985260991164,True,Low
0,0,0.18000753720851526,True,Low
1,0,0.206650456729831,False,Low
0,0,0.2609806409160561,True,Moderate
0,0,0.16686723120555313,True,Low
0,0,0.05776689443934513,True,Low
1,0,0.2810967766247947,False,Moderate
0,0,0.018478668247784363,True,Low
0,0,0.2587325712410184,True,Moderate
0,0,0.07436942982354225,True,Low
0,0,0.1895762595381486,True,Low
0,0,0.06275986124474253,True,Low
0,0,0.18640708936387212,True,Low
0,0,0.2195339440156575,True,Low
0,0,0.20011635242606624,True,Low
0,0,0.0927303000881932,True,Low
0,0,0.11017830187040531,True,Low
1,0,0.2742936605215647,False,Moderate
0,0,0.06644113986999022,True,Low
1,0,0.2152910711463617,False,Low
0,0,0.11831383531146576,True,Low
0,0,0.17905850715673163,True,Low
0,0,0.1993706608065108,True,Low
1,0,0.15900594918075014,False,Low
1,1,0.5059726701814521,True,High
1,0,0.21140682110387335,False,Low
0,0,0.12866671269421268,True,Low
0,0,0.1848809411742877,True,Low
0,0,0.23849060821700047,True,Low
0,0,0.04337256179814224,True,Low
1,1,0.5222391034665845,True,High
0,0,0.10841185983452112,True,Low
1,0,0.19480539680235373,False,Low
1,0,0.1251244149429113,False,Low
1,0,0.27196970278876786,False,Moderate
0,0,0.03570090524417147,True,Low
1,0,0.22107242617344416,False,Low
0,0,0.128221207611916,True,Low
0,0,0.1992624571392706,True,Low
0,0,0.17168973196770387,True,Low
0,0,0.2640014649687514,True,Moderate
0,0,0.24622775124928756,True,Low
0,0,0.19038324680816235,True,Low
1,0,0.47884236985031653,False,Moderate
1,1,0.6487473723755521,True,High
0,0,0.21752059890808198,True,Low
0,0,0.1709727778520459,True,Low
1,0,0.45302698751858445,False,Moderate
0,0,0.23025529095536515,True,Low
0,0,0.040742644001641924,True,Low
0,0,0.24122234552820043,True,Low
0,0,0.2303362879177252,True,Low
0,0,0.026344945760104675,True,Low
0,0,0.06138135726017244,True,Low
0,0,0.23405783896535556,True,Low
0,0,0.018705370664860294,True,Low
1,0,0.4373226837795303,False,Moderate
0,0,0.2509702951394194,True,Moderate
1,0,0.1598423881964658,False,Low
1,1,0.6113928342336066,True,High
0,0,0.07017194745539025,True,Low
0,0,0.10200339682969752,True,Low
0,0,0.2513889286557373,True,Moderate
0,0,0.23547218011502616,True,Low
1,0,0.3757437776128142,False,Moderate
0,0,0.055670613691086925,True,Low
0,0,0.24111048993022544,True,Low
0,0,0.2837665025325073,True,Moderate
0,0,0.1409302366542716,True,Low
1,0,0.17541441738231653,False,Low
0,0,0.3066564401897255,True,Moderate
1,0,0.2891452241851706,False,Moderate
1,0,0.23055989207310243,False,Low
0,0,0.2676519034038591,True,Moderate
1,0,0.15399632577624103,False,Low
0,0,0.27215626413626715,True,Moderate
1,1,0.5615845338928006,True,High
0,0,0.29397132696693207,True,Moderate
0,0,0.20225528732992593,True,Low
0,0,0.04798941751245391,True,Low
0,0,0.054481203235156574,True,Low
0,0,0.2589817781743721,True,Moderate
0,0,0.1344509191079809,True,Low
0,0,0.11986896058253722,True,Low
0,0,0.04738321801915984,True,Low
1,1,0.7571495158853068,True,Very High
0,0,0.2331332440189848,True,Low
0,0,0.22090355763525793,True,Low
0,0,0.24464450918518207,True,Low
0,1,0.6553719513202616,False,High
0,0,0.08740060326900709,True,Low
0,0,0.22772967932871224,True,Low
0,0,0.1742900332923865,True,Low
0,0,0.05815317643292074,True,Low
0,0,0.12445411302084115,True,Low
0,0,0.020616591240936,True,Low
0,0,0.41648559075227115,True,Moderate
0,0,0.053852137407369154,True,Low
0,0,0.20413504482925443,True,Low
0,0,0.10548265119461882,True,Low
1,0,0.4996586738162096,False,Moderate
0,0,0.09532125729404066,True,Low
0,0,0.1462535412722734,True,Low
0,0,0.10115832757247793,True,Low
0,0,0.11048594373404305,True,Low
0,0,0.032380957136846945,True,Low
1,0,0.2615909745039749,False,Moderate
0,0,0.17186228195039638,True,Low
0,0,0.19800906364049362,True,Low
1,0,0.4343677377539479,False,Moderate
0,0,0.12838524502812154,True,Low
0,0,0.05444207598875867,True,Low
0,0,0.1827378564568603,True,Low
0,0,0.12549687051088668,True,Low
0,0,0.1984448264393676,True,Low
0,0,0.43614094333188247,True,Moderate
0,0,0.11701096640413296,True,Low
0,0,0.2281294171553762,True,Low
0,0,0.28722419551314377,True,Moderate
0,0,0.048499642024740414,True,Low
0,0,0.19002234203661025,True,Low
1,0,0.2947055398998607,False,Moderate
1,0,0.05925350565998242,False,Low
0,0,0.12830160340587723,True,Low
0,0,0.1384493105508547,True,Low
0,0,0.0520787938317396,True,Low
0,0,0.19568243575274674,True,Low
0,0,0.08906601826348112,True,Low
0,0,0.055802521713459396,True,Low
0,0,0.18779097982810053,True,Low
0,0,0.09593797147132459,True,Low
1,0,0.2878818157516914,False,Moderate
0,0,0.17974007540091544,True,Low
0,0,0.20713996922253214,True,Low
0,0,0.11632720209542455,True,Low
0,0,0.10449495883006255,True,Low
1,0,0.4299252991001685,False,Moderate
0,0,0.26423855268707896,True,Moderate
0,0,0.17392527567306248,True,Low
0,0,0.1900621959919578,True,Low
0,0,0.202226903738563,True,Low
0,0,0.2499802629581861,True,Low
0,0,0.10289334189036438,True,Low
0,0,0.09401038801426785,True,Low
1,0,0.29385300659205815,False,Moderate
0,0,0.19555742394890518,True,Low
0,0,0.23488098608293748,True,Low
0,0,0.14196530161610074,True,Low
0,0,0.16327766990916215,True,Low
0,0,0.10353780221263054,True,Low
0,0,0.050523970815350885,True,Low
0,1,0.570290619671428,False,High
1,1,0.6273755948358031,True,High
0,0,0.13780024082864822,True,Low
0,0,0.3313778906511176,True,Moderate
0,0,0.2504952890194964,True,Moderate
0,0,0.14965998692729401,True,Low
0,0,0.16759561884251656,True,Low
0,0,0.059082982384909555,True,Low
0,0,0.18491038817470598,True,Low
0,0,0.2889953782070203,True,Moderate
0,0,0.15876483895228172,True,Low
1,0,0.44653451605236977,False,Moderate
0,0,0.4580952750167709,True,Moderate
1,0,0.07649164783016689,False,Low
0,0,0.12620923739229986,True,Low
1,0,0.22496605584774385,False,Low
0,0,0.08134240528848517,True,Low
0,0,0.20027091946364375,True,Low
0,0,0.13204952703934728,True,Low
0,0,0.08696225973893781,True,Low
0,0,0.13809068829062965,True,Low
0,0,0.159165069169125,True,Low
0,1,0.5087758307070418,False,High
0,0,0.25086478603705015,True,Moderate
0,0,0.12546622155718415,True,Low
0,0,0.07261053253565382,True,Low
0,0,0.2326853441394383,True,Low
1,1,0.7069804539677307,True,High
0,0,0.14316697368951414,True,Low
0,0,0.4997987299166741,True,Moderate
0,0,0.24627425377864112,True,Low
0,0,0.03918829652022268,True,Low
1,0,0.21714524022030723,False,Low
0,0,0.37452738103596395,True,Moderate
1,1,0.74109563875831,True,High
0,0,0.26189877578269344,True,Moderate
1,0,0.24299236721797304,False,Low
0,0,0.06862498829579895,True,Low
0,0,0.27560682235316675,True,Moderate
0,0,0.09522821196901023,True,Low
0,0,0.20501051840412438,True,Low
0,0,0.06759715878138355,True,Low
0,0,0.13111325215825456,True,Low
0,0,0.19872019564368512,True,Low
0,0,0.20504857135367738,True,Low
0,0,0.18692565738572214,True,Low
0,1,0.5343455233978944,False,High
0,0,0.2292676360003203,True,Low
0,0,0.10612312387508181,True,Low
0,0,0.0992522696167473,True,Low
0,0,0.10509102358440228,True,Low
0,0,0.27144276432510756,True,Moderate
1,0,0.03593141269638322,False,Low
1,0,0.06033043889614061,False,Low
0,0,0.09996004308710929,True,Low
1,0,0.16443645771090876,False,Low
0,0,0.09308953105258375,True,Low
0,0,0.24854983708060124,True,Low
1,0,0.28096489429539084,False,Moderate
1,0,0.34576590139421554,False,Moderate
0,0,0.13584573034711203,True,Low
1,0,0.303501413123961,False,Moderate
0,0,0.1892379715458855,True,Low
0,0,0.2812881370268654,True,Moderate
1,0,0.061999238789890096,False,Low
0,0,0.18836189304285644,True,Low
0,0,0.04047859881715982,True,Low
1,0,0.3503394192955703,False,Moderate
0,0,0.1908242726066166,True,Low
0,0,0.4258152755390472,True,Moderate
0,0,0.1969583347903362,True,Low
0,0,0.15504031204082325,True,Low
0,0,0.19237181707594309,True,Low
0,0,0.45988045281899526,True,Moderate
0,0,0.2084707395203912,True,Low
0,0,0.15654544218860883,True,Low
0,0,0.20832114756210085,True,Low
0,0,0.069457030107433,True,Low
0,0,0.16463878971547397,True,Low
0,0,0.2411391584984145,True,Low
1,0,0.054422626418341745,False,Low
1,0,0.1345385086725273,False,Low
1,1,0.5133365163905591,True,High
0,0,0.11819277555115953,True,Low
0,0,0.10956689172660647,True,Low
0,0,0.2360395438994543,True,Low
0,0,0.20680228078103916,True,Low
0,0,0.29704272657507247,True,Moderate
0,0,0.26874275617705745,True,Moderate
0,0,0.264974602550098,True,Moderate
0,0,0.11569983721785945,True,Low
0,0,0.2477018338662143,True,Low
0,0,0.24773100541265558,True,Low
0,0,0.1264655001712005,True,Low
0,0,0.08235118071156888,True,Low
0,0,0.26448481299988796,True,Moderate
0,0,0.18797760071454409,True,Low
0,1,0.5412846154391872,False,High
0,0,0.11230347091224921,True,Low
0,0,0.05261278158716377,True,Low
0,0,0.18842468288875036,True,Low
0,0,0.162607231235921,True,Low
0,0,0.06450088846846835,True,Low
0,0,0.19265603784900143,True,Low
0,0,0.15707981526127338,True,Low
0,0,0.28228404996487166,True,Moderate
0,0,0.19617369489109232,True,Low
0,0,0.23572415696595184,True,Low
0,0,0.03937155287399907,True,Low
0,0,0.33280604067480035,True,Moderate
0,0,0.17031999040070117,True,Low
1,0,0.07294567882361191,False,Low
0,0,0.26494115156548936,True,Moderate
0,0,0.06239905245123271,True,Low
0,0,0.19604654424761722,True,Low
1,0,0.06108618371842532,False,Low
0,0,0.23854743263676478,True,Low
1,0,0.1534568431214921,False,Low
0,0,0.1684652083050603,True,Low
0,0,0.26345384394084426,True,Moderate
0,0,0.1447670201832775,True,Low
0,0,0.1850913597916686,True,Low
0,0,0.17268704895196582,True,Low
0,0,0.06612247296389946,True,Low
1,0,0.20452321878867713,False,Low
1,1,0.502158303790739,True,High
0,0,0.12834863048312192,True,Low
1,0,0.45035576769789726,False,Moderate
1,0,0.4832838808622948,False,Moderate
0,0,0.1705317883871785,True,Low
0,0,0.2994500440314173,True,Moderate
0,0,0.22202679980262996,True,Low
1,0,0.03754819671977725,False,Low
0,0,0.11673148715643251,True,Low
0,0,0.43084704641990945,True,Moderate
0,0,0.16082294334986832,True,Low
0,0,0.09379401621125368,True,Low
0,0,0.24710233657159708,True,Low
0,0,0.10308211738383924,True,Low
0,0,0.06132836024569804,True,Low
0,0,0.1162583403022782,True,Low
0,1,0.5004131500008777,False,High
1,0,0.16617155870229733,False,Low
0,0,0.08397198499349258,True,Low
1,0,0.2869776319238762,False,Moderate
0,0,0.22625991857983244,True,Low
0,0,0.09655003012514682,True,Low
0,0,0.17178363301750352,True,Low
1,1,0.5563201014418667,True,High
0,0,0.155596719290645,True,Low
0,0,0.14608864726018503,True,Low
1,0,0.11050601346109999,False,Low
0,0,0.06472371228400799,True,Low
0,1,0.59104449976288,False,High
0,0,0.17680637470271474,True,Low
0,0,0.1828482808218389,True,Low
0,0,0.09971273848149508,True,Low
0,0,0.1560824527732675,True,Low
0,0,0.21379658690681425,True,Low
0,0,0.06457058958302866,True,Low
0,0,0.4316208960700023,True,Moderate
0,0,0.2341439152926939,True,Low
0,0,0.18532506915645577,True,Low
0,0,0.21644593369674267,True,Low
0,0,0.193111937271277,True,Low
0,0,0.014434921535126584,True,Low
0,0,0.1194829837902323,True,Low
0,0,0.26816744100922696,True,Moderate
0,0,0.4024941110388293,True,Moderate
0,0,0.0690316264658041,True,Low
0,0,0.1297510941671889,True,Low
0,0,0.23842401144654715,True,Low
0,0,0.26874184410764107,True,Moderate
0,0,0.1066927292408165,True,Low
0,0,0.04309633854625351,True,Low
0,0,0.18303443820777746,True,Low
0,0,0.11551735423714075,True,Low
0,0,0.13989698857410804,True,Low
0,0,0.11895596081541948,True,Low
1,0,0.21616193191043648,False,Low
1,1,0.5963177953261306,True,High
0,0,0.051409104970933595,True,Low
0,0,0.19410563567581604,True,Low
0,0,0.20549344852751034,True,Low
0,0,0.11060577499685677,True,Low
0,0,0.03000807794190351,True,Low
1,0,0.2640595267848536,False,Moderate
0,0,0.20776796161802524,True,Low
0,0,0.26759582279790245,True,Moderate
1,0,0.2775266429461967,False,Moderate
1,0,0.3331912862251601,False,Moderate
0,0,0.13546159525710844,True,Low
1,1,0.6568611732138931,True,High
0,0,0.35314794092780766,True,Moderate
0,0,0.07171075910271602,True,Low
0,0,0.1885857649145806,True,Low
0,0,0.2540708199329572,True,Moderate
0,0,0.29045999117538485,True,Moderate
0,0,0.14248040635733042,True,Low
1,1,0.5068646119814244,True,High
0,0,0.12617543385323912,True,Low
0,0,0.11285287850307049,True,Low
0,0,0.22519083310103133,True,Low
1,1,0.5025141511091487,True,High
0,0,0.2000435496775065,True,Low
0,0,0.1764309170730299,True,Low
0,0,0.07305175700580833,True,Low
0,0,0.051721405403335446,True,Low
0,0,0.1989905617314311,True,Low
0,0,0.191172000901838,True,Low
0,0,0.05554058336717843,True,Low
0,0,0.05689531617221963,True,Low
0,0,0.1044670801397934,True,Low
1,1,0.7101284922999546,True,High
0,0,0.20988854060848716,True,Low
1,0,0.46885088374346967,False,Moderate
0,0,0.1477199838763265,True,Low
0,0,0.12692548985205418,True,Low
0,0,0.12807743383017933,True,Low
0,0,0.11710272522885819,True,Low
0,0,0.14703676333476845,True,Low
0,0,0.11572077207729625,True,Low
0,0,0.38088589254206234,True,Moderate
1,1,0.7622607931974811,True,Very High
0,0,0.22494679791208688,True,Low
1,0,0.413639884138197,False,Moderate
0,0,0.10860925258653621,True,Low
1,0,0.10802831157471418,False,Low
0,0,0.20613132762566136,True,Low
0,0,0.091369729517671,True,Low
0,0,0.20679688123142978,True,Low
1,0,0.22516576073866096,False,Low
0,0,0.1456258492009385,True,Low
1,0,0.2261425731856486,False,Low
0,0,0.13743943381438728,True,Low
0,0,0.24481239338846258,True,Low
0,0,0.1616999085147395,True,Low
0,0,0.1336185425261256,True,Low
0,0,0.057739316200161435,True,Low
0,0,0.16542177370882885,True,Low
0,0,0.11511969839335726,True,Low
1,0,0.09553892201353217,False,Low
0,0,0.009386291245073146,True,Low
0,0,0.32978971410830465,True,Moderate
0,0,0.1301199490381233,True,Low
0,1,0.7091261550425372,False,High
0,0,0.11368301797038786,True,Low
0,0,0.11549324160651284,True,Low
0,1,0.5301292615622095,False,High
0,0,0.23219311687590094,True,Low
0,0,0.10809693114495639,True,Low
0,0,0.2724663338942882,True,Moderate
0,0,0.18210336605944868,True,Low
1,0,0.46193924389997293,False,Moderate
0,0,0.06095286637227751,True,Low
0,0,0.10537416965440542,True,Low
0,0,0.13406878300495273,True,Low
0,0,0.10900248819087346,True,Low
1,0,0.23577229784575512,False,Low
0,0,0.25856718686026037,True,Moderate
0,0,0.13554064544146557,True,Low
0,0,0.2365073110339594,True,Low
0,0,0.05279177050455023,True,Low
0,0,0.24850210352091584,True,Low
0,0,0.17879408297673885,True,Low
0,0,0.25393285803613197,True,Moderate
1,1,0.7371261437474419,True,High
0,0,0.21388123304370835,True,Low
0,0,0.14430800070870617,True,Low
0,0,0.1748712443502236,True,Low
1,0,0.3713790617850969,False,Moderate
0,0,0.23529096058947035,True,Low
0,0,0.17159606216715326,True,Low
0,0,0.22679760797197449,True,Low
0,0,0.21693891455499312,True,Low
0,0,0.17446680488981628,True,Low
0,0,0.2301441226400306,True,Low
0,0,0.1028625744318783,True,Low
0,0,0.2428160719676975,True,Low
0,0,0.19264874342339086,True,Low
0,0,0.1910972642226019,True,Low
1,1,0.650419546413305,True,High
0,0,0.10305148138654883,True,Low
0,0,0.28534838986176236,True,Moderate
0,0,0.2673027611440983,True,Moderate
0,0,0.4315725311090748,True,Moderate
1,0,0.11179339892340812,False,Low
0,0,0.11927548841576739,True,Low
1,1,0.6229208711598846,True,High
0,0,0.48601431125378924,True,Moderate
0,0,0.15797036407834295,True,Low
0,0,0.22884739296324136,True,Low
0,0,0.3834754161820964,True,Moderate
0,0,0.16325942414123173,True,Low
0,0,0.2212986025674714,True,Low
0,0,0.11817957151585096,True,Low
0,0,0.4555886239045103,True,Moderate
0,0,0.11840721015614422,True,Low
0,0,0.226430790136584,True,Low
0,0,0.2793752438387009,True,Moderate
1,1,0.5240897397063835,True,High
0,0,0.11726745525064942,True,Low
0,0,0.18557884618674167,True,Low
0,0,0.08746379220541899,True,Low
0,0,0.23955160173097792,True,Low
0,0,0.0872497968191624,True,Low
0,0,0.22498736864352467,True,Low
0,0,0.1893737108409599,True,Low
0,0,0.1313676622710006,True,Low
0,0,0.22215361114581178,True,Low
0,1,0.645028206675989,False,High
1,0,0.003725771334301753,False,Low
0,0,0.26790982588576956,True,Moderate
0,0,0.059752791689689125,True,Low
1,1,0.7262614656961323,True,High
0,0,0.12150813517331487,True,Low
0,0,0.32604473414110197,True,Moderate
0,0,0.1910377140558657,True,Low
0,0,0.12394393082948711,True,Low
0,0,0.054355368934923286,True,Low
0,0,0.2793888254033013,True,Moderate
0,0,0.11586520856936051,True,Low
0,0,0.19890472231673284,True,Low
0,0,0.19641185819761964,True,Low
0,0,0.21686562913560234,True,Low
1,0,0.09141995855562016,False,Low
0,0,0.29840895066738843,True,Moderate
0,0,0.23065178988996674,True,Low
0,0,0.26574867837616706,True,Moderate
1,0,0.1478775138898674,False,Low
0,0,0.07946350715521423,True,Low
0,0,0.10106345584601108,True,Low
0,0,0.1340573024339147,True,Low
0,0,0.24123487095089782,True,Low
1,0,0.2596989984086055,False,Moderate
0,0,0.15527354320299352,True,Low
0,1,0.6170894071608064,False,High
0,0,0.1567850186898323,True,Low
0,0,0.15771111238299607,True,Low
0,0,0.2603720780527728,True,Moderate
0,0,0.059927358958737895,True,Low
0,0,0.09620885049758499,True,Low
0,0,0.07643585368402611,True,Low
0,0,0.059932846708503705,True,Low
0,0,0.11674735445796765,True,Low
0,0,0.03900032855148562,True,Low
0,0,0.05988320108820821,True,Low
1,0,0.2265611671099194,False,Low
0,0,0.10437202553779452,True,Low
0,0,0.15296557469389233,True,Low
0,0,0.25797573250930006,True,Moderate
0,0,0.1492005269798836,True,Low
0,0,0.1755378464838221,True,Low
0,0,0.06503294210664658,True,Low
0,0,0.00862361338956107,True,Low
0,0,0.2157581014688746,True,Low
0,0,0.2096285968675586,True,Low
0,0,0.053207453407558204,True,Low
0,0,0.46212738420528787,True,Moderate
0,0,0.16683410776734187,True,Low
1,1,0.5837690918132971,True,High
0,0,0.06151329306803629,True,Low
1,0,0.24280653957313125,False,Low
0,0,0.1826194448058227,True,Low
0,0,0.18826770377190158,True,Low
1,1,0.8527046981215545,True,Very High
1,0,0.4603851116671775,False,Moderate
0,0,0.17032564140185735,True,Low
0,0,0.15599610130529273,True,Low
1,0,0.43687473091547085,False,Moderate
0,0,0.25610866765580376,True,Moderate
0,0,0.10404883798845448,True,Low
0,0,0.22502238244611517,True,Low
0,0,0.21077820572947015,True,Low
1,0,0.49538344316355715,False,Moderate
1,0,0.10497030372934171,False,Low
1,1,0.5390381622877959,True,High
1,0,0.25596090311965175,False,Moderate
1,0,0.12705402775110625,False,Low
0,0,0.07948658753156439,True,Low
0,0,0.1120037537064861,True,Low
0,0,0.2595405309241563,True,Moderate
0,0,0.24043569384252061,True,Low
0,0,0.16607965694277013,True,Low
0,0,0.05275265396863935,True,Low
1,0,0.3261010218395217,False,Moderate
0,0,0.20522468764441718,True,Low
0,0,0.19512172551322754,True,Low
0,0,0.22688165857774756,True,Low
1,0,0.04500175929205905,False,Low
1,1,0.5338054956463291,True,High
0,0,0.0189376988620711,True,Low
1,1,0.5088478209712473,True,High
0,0,0.06736959764021609,True,Low
0,0,0.18124064451146907,True,Low
0,0,0.043297883339341085,True,Low
1,0,0.1036197045639112,False,Low
0,0,0.1509349964134255,True,Low
0,0,0.21197475012523312,True,Low
0,0,0.48428754601871904,True,Moderate
1,0,0.46057118364207555,False,Moderate
0,0,0.20499989871006596,True,Low
0,0,0.0440255905821128,True,Low
0,0,0.13307927126830213,True,Low
0,0,0.026691035911540727,True,Low
0,0,0.2580903728737028,True,Moderate
0,0,0.09212879793149126,True,Low
0,0,0.1302626231011197,True,Low
0,0,0.48540105177740045,True,Moderate
1,0,0.445279390147376,False,Moderate
0,0,0.07329159918344504,True,Low
0,0,0.10942056176934144,True,Low
0,0,0.22559469624125045,True,Low
1,0,0.373359586773768,False,Moderate
1,0,0.04260154294626245,False,Low
1,1,0.6008762455169826,True,High
1,0,0.4684547581937352,False,Moderate
0,0,0.16422664900596326,True,Low
1,0,0.26286348021558176,False,Moderate
1,0,0.49986604504822624,False,Moderate
0,0,0.08485493050983536,True,Low
0,0,0.05692318354633045,True,Low
0,0,0.17104309767427056,True,Low
1,0,0.16968891568848168,False,Low
0,0,0.15748016311862365,True,Low
0,0,0.06868721987190178,True,Low
0,0,0.16179400041594882,True,Low
0,0,0.11495196265903257,True,Low
0,0,0.23519394132086002,True,Low
1,1,0.583388391086175,True,High
1,1,0.5635819626090953,True,High
1,0,0.4908314944500932,False,Moderate
0,0,0.2783940525611787,True,Moderate
0,0,0.19392930603865915,True,Low
0,0,0.20835590197443563,True,Low
0,0,0.18758725662100825,True,Low
0,0,0.055196996769946355,True,Low
0,0,0.210619336494907,True,Low
0,0,0.10426528264089908,True,Low
0,0,0.09336499355016444,True,Low
0,1,0.5417435153951429,False,High
1,0,0.08622829558805133,False,Low
0,0,0.1968548240580575,True,Low
0,0,0.23595074523065948,True,Low
1,0,0.4757748176668979,False,Moderate
0,0,0.17598253393900473,True,Low
0,0,0.18332963684563552,True,Low
0,0,0.19302465623550055,True,Low
0,0,0.1566991401357261,True,Low
0,0,0.03547006830795837,True,Low
0,0,0.10741500308520943,True,Low
0,0,0.29936914200086806,True,Moderate
0,0,0.23072847957303716,True,Low
0,0,0.22358176361888343,True,Low
1,1,0.5253603629268073,True,High
0,0,0.21013834248726831,True,Low
0,0,0.33361884366284905,True,Moderate
0,0,0.06443037421717902,True,Low
0,0,0.07241106591713431,True,Low
1,0,0.32985031573907564,False,Moderate
0,0,0.22700866392502203,True,Low
1,0,0.3160564026581771,False,Moderate
0,0,0.24307198030939545,True,Low
0,0,0.1941714077749655,True,Low
0,0,0.0851547091665425,True,Low
0,0,0.13658020494217893,True,Low
0,0,0.2775702436525383,True,Moderate
1,0,0.19866080043714546,False,Low
1,0,0.23150448858640166,False,Low
1,1,0.5983866124836134,True,High
0,0,0.20156903472639887,True,Low
0,0,0.04612437745181389,True,Low
1,1,0.6208909110094316,True,High
1,0,0.3568071812708006,False,Moderate
0,0,0.16213968075882326,True,Low
0,0,0.1590845331076032,True,Low
1,0,0.09338072205873865,False,Low
0,0,0.11767135016403117,True,Low
1,0,0.2362428523376761,False,Low
0,0,0.3777411054560131,True,Moderate
0,0,0.12022360613373,True,Low
0,0,0.11342016220136138,True,Low
0,0,0.10223068497223467,True,Low
0,0,0.08427482834116591,True,Low
0,0,0.23012019093221114,True,Low
1,1,0.6269680879866074,True,High
0,0,0.19043717912652214,True,Low
0,0,0.35228502839071896,True,Moderate
0,0,0.18457460377117033,True,Low
0,0,0.04294240345171218,True,Low
0,0,0.2697649110229316,True,Moderate
1,1,0.5925983188986614,True,High
0,0,0.1445716944728,True,Low
0,0,0.0582277518150251,True,Low
0,0,0.17790611052217348,True,Low
0,0,0.07311087750629058,True,Low
0,0,0.0674861334912294,True,Low
0,0,0.20640143447388903,True,Low
0,0,0.37733429354314474,True,Moderate
0,0,0.083778774267139,True,Low
0,0,0.28545475523766023,True,Moderate
0,0,0.23719061497504015,True,Low
0,0,0.19934904295612266,True,Low
0,0,0.1011628809973901,True,Low
0,0,0.14675559818725284,True,Low
0,0,0.21655133977123875,True,Low
0,0,0.07508525782509073,True,Low
0,0,0.21364814045675876,True,Low
1,0,0.2599655210665919,False,Moderate
0,0,0.24099448796515271,True,Low
0,0,0.27848911760896494,True,Moderate
0,0,0.059236737373940196,True,Low
1,0,0.3836280162525488,False,Moderate
0,0,0.19647484785014627,True,Low
0,0,0.06084604971627607,True,Low
0,0,0.08224596555878737,True,Low
0,0,0.207169856353184,True,Low
0,0,0.2285213362385346,True,Low
1,0,0.41271716852864737,False,Moderate
0,0,0.22174491309667996,True,Low
0,0,0.07285648094354266,True,Low
0,0,0.010902565218162123,True,Low
0,0,0.1975544947050084,True,Low
0,0,0.25750608280238696,True,Moderate
0,0,0.027632429743814156,True,Low
0,0,0.20713228850929252,True,Low
1,1,0.6249146887647282,True,High
0,0,0.07092183149538525,True,Low
0,0,0.15552698446103078,True,Low
0,0,0.24841984836155995,True,Low
0,0,0.13692072847931558,True,Low
0,0,0.09284312206932523,True,Low
1,0,0.10758152581149481,False,Low
0,0,0.05314903253423567,True,Low
0,0,0.2564251065529301,True,Moderate
1,0,0.43099612965714745,False,Moderate
1,0,0.18326299156579956,False,Low
0,0,0.14044214532995827,True,Low
1,0,0.28269982908219865,False,Moderate
0,0,0.1639000844589901,True,Low
0,0,0.18821759297688612,True,Low
1,0,0.4822193940666658,False,Moderate
1,0,0.46115806759107225,False,Moderate
0,0,0.20340647672166648,True,Low
0,0,0.2148254206973699,True,Low
0,0,0.21617235409480093,True,Low
0,0,0.05886729531840731,True,Low
0,0,0.0961239663325849,True,Low
0,0,0.16174635014142788,True,Low
0,0,0.12032237977176632,True,Low
0,0,0.05867303598690045,True,Low
0,1,0.5945904771526581,False,High
1,1,0.5977513774835056,True,High
1,0,0.19075278826669217,False,Low
0,0,0.06483174923953573,True,Low
1,0,0.2896168863567058,False,Moderate
1,0,0.39910020552541403,False,Moderate
1,0,0.21834029093661594,False,Low
0,0,0.2545412992216018,True,Moderate
0,0,0.13420117269358986,True,Low
0,0,0.01791269034153146,True,Low
0,0,0.18162222409251608,True,Low
0,0,0.0969924899421546,True,Low
0,0,0.1962522705661954,True,Low
1,0,0.42616480781887256,False,Moderate
0,0,0.1103028093468201,True,Low
0,0,0.10283600764353978,True,Low
0,0,0.21580235090741925,True,Low
0,0,0.04899879935256148,True,Low
0,0,0.15810129419281638,True,Low
1,0,0.38667477464896743,False,Moderate
0,0,0.10290944015459788,True,Low
1,0,0.3489000487705574,False,Moderate
0,0,0.26676586882132797,True,Moderate
1,1,0.807172146545342,True,Very High
0,0,0.2573736687701839,True,Moderate
0,0,0.2395690827192958,True,Low
0,0,0.20961614168987186,True,Low
0,0,0.11265167972629926,True,Low
0,0,0.24725380568019653,True,Low
0,0,0.14813830737656716,True,Low
0,0,0.15224433649394384,True,Low
0,0,0.12129730837250961,True,Low
0,0,0.34204078795130977,True,Moderate
0,0,0.16544052434153406,True,Low
0,0,0.14536994189593508,True,Low
0,0,0.08316104573628044,True,Low
1,0,0.11591869942350727,False,Low
0,0,0.23911536717359919,True,Low
0,0,0.15820691841174375,True,Low
0,0,0.18904204815876163,True,Low
0,0,0.11494751250719923,True,Low
0,0,0.18826209420471474,True,Low
0,0,0.006819297948124805,True,Low
0,0,0.18328944757255333,True,Low
0,0,0.07505133954528292,True,Low
0,0,0.16274638120825485,True,Low
0,0,0.2351877659896615,True,Low
1,0,0.14886235374047893,False,Low
0,0,0.2858222677389799,True,Moderate
1,0,0.22387948330636584,False,Low
0,0,0.2804708860575305,True,Moderate
0,0,0.22769542813700744,True,Low
0,0,0.23185734540061917,True,Low
1,1,0.5623631855219032,True,High
0,0,0.17760015317695396,True,Low
0,0,0.22097858211167454,True,Low
0,0,0.16746188366175635,True,Low
0,0,0.15577731329570066,True,Low
0,0,0.12352644636393025,True,Low
0,0,0.1388389862735434,True,Low
0,0,0.2361672197266089,True,Low
1,0,0.09779806332577139,False,Low
0,0,0.1713711462186631,True,Low
0,0,0.28908290514294605,True,Moderate
0,0,0.025950809382513016,True,Low
1,0,0.27351209191170495,False,Moderate
0,0,0.10898441677814036,True,Low
1,1,0.6043810719333683,True,High
0,0,0.23740770765131075,True,Low
1,0,0.42619534474898757,False,Moderate
0,0,0.021851369974991704,True,Low
0,1,0.9116811509766061,False,Very High
1,0,0.24351547421270764,False,Low
0,0,0.1107701568651283,True,Low
0,0,0.10347570502543141,True,Low
1,1,0.555256747817195,True,High
0,0,0.02448828579469679,True,Low
0,0,0.19124004202734785,True,Low
0,0,0.1777584215957662,True,Low
0,0,0.12184403327903977,True,Low
1,0,0.11969332243511245,False,Low
0,0,0.3328271169118681,True,Moderate
0,0,0.20985745929560679,True,Low
0,0,0.1002278683042613,True,Low
0,0,0.21653106978076228,True,Low
1,1,0.578386290190344,True,High
0,0,0.27748744202936004,True,Moderate
0,0,0.15385787857437347,True,Low
0,0,0.35587095691604664,True,Moderate
1,0,0.09635160602593466,False,Low
0,0,0.09646136337260545,True,Low
0,0,0.24251393517614944,True,Low
0,0,0.17516411868786771,True,Low
0,0,0.021505447655719847,True,Low
0,0,0.21976419460019644,True,Low
0,0,0.1249056549790881,True,Low
0,0,0.3464045176057521,True,Moderate
1,0,0.1400680223338252,False,Low
0,0,0.3241043148099454,True,Moderate
0,0,0.03132179725087587,True,Low
0,0,0.08542054661071882,True,Low
0,0,0.10563854853381922,True,Low
0,0,0.22646852908902812,True,Low
0,1,0.6522764274446591,False,High
1,0,0.2425217877861227,False,Low
0,0,0.10509290291593354,True,Low
1,0,0.18619403544664095,False,Low
0,0,0.049742447906694305,True,Low
1,1,0.5651776044543773,True,High
0,0,0.10276241866324377,True,Low
0,0,0.14494203361441152,True,Low
0,0,0.05390569258722353,True,Low
1,0,0.1535817001890941,False,Low
0,0,0.15149237743208813,True,Low
0,0,0.13675522668660903,True,Low
0,0,0.09709572882009507,True,Low
0,0,0.2078146033938399,True,Low
1,1,0.5347620021216045,True,High
0,0,0.11690683789545304,True,Low
0,0,0.12826091102654383,True,Low
0,0,0.07785854674979623,True,Low
0,0,0.134923217933211,True,Low
0,0,0.02496520562981427,True,Low
1,0,0.18439462630847378,False,Low
0,0,0.09025403671821632,True,Low
1,0,0.09418999913682918,False,Low
0,0,0.21799207018540248,True,Low
0,0,0.1064703869792204,True,Low
0,0,0.25725507630085037,True,Moderate
0,0,0.04239802547856791,True,Low
1,0,0.098208297279746,False,Low
0,0,0.17485100433247175,True,Low
1,0,0.4211303209951102,False,Moderate
0,0,0.10839195528765931,True,Low
0,0,0.3156852409162151,True,Moderate
0,0,0.17878552633146744,True,Low
0,0,0.04583256213617947,True,Low
1,0,0.4819485673880527,False,Moderate
0,0,0.18314282545207394,True,Low
0,0,0.21346014367988728,True,Low
0,0,0.18350911184321986,True,Low
0,0,0.08135698594258939,True,Low
0,0,0.0558938631106713,True,Low
1,0,0.41074171690423983,False,Moderate
0,0,0.1080072170648753,True,Low
0,0,0.0584735920242381,True,Low
0,0,0.42830623173576676,True,Moderate
0,0,0.2176993081315434,True,Low
0,0,0.1091330673881062,True,Low
0,0,0.06233041151227397,True,Low
0,0,0.056124448413165766,True,Low
0,0,0.18223226076678717,True,Low
1,0,0.1998860819853325,False,Low
0,0,0.1844629289852705,True,Low
1,1,0.5641278087798389,True,High
0,0,0.25306278637550406,True,Moderate
1,0,0.28584406342568597,False,Moderate
0,0,0.11087055379137142,True,Low
1,0,0.2654364556583858,False,Moderate
0,0,0.2051225539519913,True,Low
1,1,0.5520087536160928,True,High
0,0,0.08665239286289514,True,Low
0,0,0.13570722537096386,True,Low
0,0,0.15015515950860758,True,Low
0,0,0.3847642662980048,True,Moderate
0,0,0.030789312405569022,True,Low
0,0,0.20303897721585487,True,Low
0,0,0.17940079941356027,True,Low
0,0,0.24472425817340088,True,Low
1,0,0.09949713563282994,False,Low
0,0,0.06000351457243689,True,Low
1,0,0.2706518390575553,False,Moderate
0,0,0.21699564082500647,True,Low
0,0,0.05327384939109868,True,Low
0,0,0.1648012816234912,True,Low
0,0,0.11099175502710915,True,Low
0,0,0.10844061530017204,True,Low
0,0,0.10930330066248989,True,Low
0,0,0.04832983192849558,True,Low
0,0,0.27456884953930466,True,Moderate
0,0,0.06438157004767348,True,Low
1,0,0.12819593921432818,False,Low
0,0,0.20685648312041172,True,Low
0,0,0.0773612322746987,True,Low
1,1,0.569286661202726,True,High
1,0,0.21049515303838026,False,Low
0,0,0.05059399562956506,True,Low
0,0,0.1160203517570916,True,Low
0,0,0.11632547961793932,True,Low
0,0,0.055529495192699875,True,Low
0,0,0.08682340908844755,True,Low
1,0,0.1627555810955503,False,Low
0,0,0.30166419806915684,True,Moderate
1,1,0.5190150595716786,True,High
0,1,0.5801733436079377,False,High
0,0,0.1559060335384818,True,Low
0,0,0.18566866742545854,True,Low
0,0,0.3758757971220751,True,Moderate
1,0,0.061892342365661115,False,Low
0,0,0.1531992618893379,True,Low
0,0,0.04784719120491649,True,Low
0,0,0.037507506547349405,True,Low
0,0,0.21578148670174352,True,Low
0,0,0.12496572862031965,True,Low
0,0,0.06758303127509463,True,Low
1,0,0.047179419198036615,False,Low
0,0,0.16806650588896985,True,Low
1,0,0.24175777889694394,False,Low
0,0,0.2173647304246066,True,Low
0,0,0.21385539098803677,True,Low
0,0,0.23907055631385501,True,Low
0,0,0.07782505628395861,True,Low
0,0,0.0030978761078535215,True,Low
0,0,0.18005704935743805,True,Low
1,0,0.27156165096775287,False,Moderate
0,0,0.11459307346555131,True,Low
0,0,0.208955251385621,True,Low
0,0,0.03974023897537936,True,Low
0,0,0.29234784485523135,True,Moderate
0,0,0.22066528758589884,True,Low
0,0,0.06533968569195304,True,Low
0,0,0.24398025473495472,True,Low
0,0,0.1735216435392634,True,Low
0,0,0.18631476110435438,True,Low
0,0,0.23468783212735117,True,Low
0,0,0.2531836915860377,True,Moderate
0,0,0.2130667960171588,True,Low
0,0,0.20788032946052842,True,Low
1,1,0.5755148892240152,True,High
0,0,0.29429875913259035,True,Moderate
1,0,0.11687516980464935,False,Low
0,0,0.04448763421062905,True,Low
0,0,0.21686470084267043,True,Low
0,0,0.1888280198899798,True,Low
0,0,0.2542733874216662,True,Moderate
0,0,0.4336354950263156,True,Moderate
1,0,0.42588627129123635,False,Moderate
0,0,0.1728468407404318,True,Low
1,0,0.10354268102650303,False,Low
0,0,0.14508067933492907,True,Low
0,0,0.22144327796477142,True,Low
0,0,0.1886457504528576,True,Low
1,0,0.38076036886707887,False,Moderate
0,0,0.47122836387639006,True,Moderate
0,0,0.11990521284725228,True,Low
0,0,0.26333246770601143,True,Moderate
0,0,0.1570282934294364,True,Low
0,0,0.21791708113242725,True,Low
1,0,0.09099210586560866,False,Low
0,0,0.3599815960447187,True,Moderate
0,0,0.23230103952586553,True,Low
0,1,0.625802613352112,False,High
0,0,0.14056463255355747,True,Low
1,0,0.05608337349188146,False,Low
0,0,0.05041636041941342,True,Low
0,0,0.048943298166386824,True,Low
0,0,0.29280987185728197,True,Moderate
0,0,0.1686402843248198,True,Low
0,0,0.15185315952122613,True,Low
1,0,0.4610987664443671,False,Moderate
0,0,0.1465087970009553,True,Low
1,0,0.12445075473354764,False,Low
1,0,0.15692381541058364,False,Low
1,0,0.19646916741087608,False,Low
0,0,0.24798024427930798,True,Low
0,0,0.12085324707347832,True,Low
0,0,0.27380995084023524,True,Moderate
0,0,0.13207821163284877,True,Low
0,0,0.4104642055274001,True,Moderate
1,1,0.6241863604842427,True,High
1,1,0.5312735942987502,True,High
0,0,0.19061462576641072,True,Low
0,0,0.21365420131989593,True,Low
0,0,0.1710229196707933,True,Low
0,0,0.21870019764382273,True,Low
0,0,0.08517256839502606,True,Low
0,0,0.26392981474322313,True,Moderate
0,0,0.05411770657886743,True,Low
0,0,0.1158214005300428,True,Low
0,0,0.1151329544999676,True,Low
0,0,0.2234822772931254,True,Low
0,0,0.03917391829063392,True,Low
0,0,0.08411223270881356,True,Low
1,0,0.26510751381525477,False,Moderate
0,0,0.10825663582972138,True,Low
0,0,0.28400448294783726,True,Moderate
1,1,0.5440336214752673,True,High
1,1,0.5356645926560963,True,High
0,0,0.321416352912183,True,Moderate
0,0,0.062387404864708076,True,Low
0,0,0.10484278037032853,True,Low
1,1,0.5119196814734579,True,High
0,0,0.27575410297238134,True,Moderate
0,0,0.4266999391556886,True,Moderate
0,0,0.1685734777747314,True,Low
0,0,0.1107751133820401,True,Low
0,0,0.09916707605213754,True,Low
0,0,0.13473435561209243,True,Low
0,1,0.637855182760275,False,High
0,0,0.11535891745688366,True,Low
0,0,0.18540444396279707,True,Low
0,0,0.21311584443790244,True,Low
1,0,0.2888532672567785,False,Moderate
0,0,0.18161012891365033,True,Low
1,1,0.8798992964268239,True,Very High
0,0,0.40384278882326874,True,Moderate
1,0,0.09951462203259244,False,Low
0,0,0.11784469208091636,True,Low
0,0,0.1644451163400401,True,Low
0,0,0.04820198158294251,True,Low
0,0,0.1448477006579892,True,Low
0,0,0.16888815493488168,True,Low
0,0,0.19262704706786626,True,Low
0,0,0.058018450505061464,True,Low
1,0,0.21438023906254683,False,Low
0,0,0.22289849666298805,True,Low
0,0,0.05791320604370455,True,Low
0,0,0.24604173721787412,True,Low
0,0,0.06033470387152651,True,Low
0,0,0.2614354376039884,True,Moderate
0,0,0.024131889432403276,True,Low
1,0,0.4378602924496947,False,Moderate
0,0,0.25807719371436866,True,Moderate
0,0,0.22482506867864793,True,Low
1,0,0.46918129291939364,False,Moderate
0,0,0.18012053572173828,True,Low
1,0,0.026958399484956912,False,Low
0,0,0.2641695245377687,True,Moderate
1,0,0.4149589410862189,False,Moderate
0,1,0.6062955614792086,False,High
0,0,0.12584857349052958,True,Low
0,0,0.2179365081726241,True,Low
0,0,0.058660024251999454,True,Low
1,0,0.003576794703976262,False,Low
0,0,0.09205996304766612,True,Low
1,0,0.08267624795419785,False,Low
0,0,0.177485783402308,True,Low
1,0,0.28592105296150805,False,Moderate
0,0,0.20928411317200754,True,Low
0,0,0.29471283631715306,True,Moderate
0,0,0.13245085798076411,True,Low
0,0,0.14542292732436493,True,Low
0,0,0.053476812860101294,True,Low
0,0,0.060668889496488555,True,Low
0,0,0.14755326254862028,True,Low
0,0,0.059658586115718865,True,Low
0,0,0.05246924667494826,True,Low
0,0,0.3087283901164013,True,Moderate
0,0,0.19370695605486546,True,Low
0,0,0.11913440099992302,True,Low
0,0,0.1662487876659503,True,Low
0,0,0.2780086883535904,True,Moderate
1,0,0.057785631619142866,False,Low
0,0,0.29996996530906134,True,Moderate
0,0,0.1183422146879539,True,Low
0,0,0.24098647544109703,True,Low
0,0,0.23821427327945374,True,Low
0,0,0.23373209222118912,True,Low
0,0,0.1975911524923779,True,Low
0,0,0.20701759361690517,True,Low
0,0,0.03276913025458733,True,Low
1,1,0.517249541447456,True,High
1,1,0.5422710771809645,True,High
0,0,0.11658074517496628,True,Low
0,0,0.10068206457575668,True,Low
0,0,0.27670637989752833,True,Moderate
1,0,0.14488733768238268,False,Low
0,0,0.2124418031402616,True,Low
0,0,0.24830398857838096,True,Low
0,0,0.14524736943093317,True,Low
0,0,0.11096231580779889,True,Low
0,0,0.3612830134593746,True,Moderate
0,0,0.1493382323477753,True,Low
1,0,0.47599358846056766,False,Moderate
0,0,0.18279129556457038,True,Low
0,0,0.0564047934219342,True,Low
0,0,0.05120247648602288,True,Low
0,0,0.25707664697532123,True,Moderate
0,0,0.23047052763382692,True,Low
0,0,0.12618156801294791,True,Low
0,0,0.21007145941949704,True,Low
1,0,0.1945876801467003,False,Low
1,0,0.1656832204192506,False,Low
0,0,0.16703544669152762,True,Low
0,1,0.5911243807681893,False,High
0,0,0.01573015266910841,True,Low
0,0,0.028931138052788213,True,Low
0,0,0.1412777705695586,True,Low
1,0,0.09284727401757338,False,Low
1,1,0.7445295194006518,True,High
1,1,0.7636894257047294,True,Very High
0,0,0.3301533755464098,True,Moderate
0,0,0.17078595843964606,True,Low
0,0,0.10852663180947629,True,Low
0,0,0.11750805445411479,True,Low
0,0,0.1799565685210851,True,Low
1,0,0.31184821785156025,False,Moderate
0,0,0.21450953775840007,True,Low
0,0,0.3325077112225883,True,Moderate
0,0,0.26481726886895507,True,Moderate
0,0,0.10064760080337945,True,Low
0,0,0.2017447882403407,True,Low
0,0,0.3503431823615969,True,Moderate
1,0,0.18347219532623008,False,Low
0,0,0.03391976727698658,True,Low
0,0,0.2950487113867011,True,Moderate
1,0,0.2916971671971972,False,Moderate
0,0,0.16950330994123033,True,Low
1,0,0.06812191299222109,False,Low
1,0,0.23335157683427954,False,Low
0,0,0.13066809713063585,True,Low
0,0,0.21315083220616773,True,Low
0,0,0.472297545341566,True,Moderate
0,0,0.23026418099628387,True,Low
0,0,0.09892926570602775,True,Low
1,0,0.2403573766816545,False,Low
1,0,0.11716268155038455,False,Low
1,0,0.042377254536803646,False,Low
0,0,0.20522128938174594,True,Low
1,0,0.3737236082153389,False,Moderate
1,0,0.14370478960695982,False,Low
1,1,0.6884754333556605,True,High
1,0,0.3935647509392133,False,Moderate
0,0,0.06013142911175261,True,Low
0,0,0.2412054690974254,True,Low
0,0,0.22093091421066727,True,Low
0,0,0.0100635369873224,True,Low
0,0,0.36433135757002466,True,Moderate
0,0,0.02602305182436586,True,Low
0,0,0.21444632927272414,True,Low
1,0,0.33730659695443244,False,Moderate
0,0,0.4287544823856153,True,Moderate
0,0,0.07005568656755456,True,Low
0,0,0.1877704561007355,True,Low
0,0,0.11356972108763902,True,Low
0,0,0.2966078454683375,True,Moderate
0,0,0.47039401725929125,True,Moderate
0,0,0.13083696293035488,True,Low
1,1,0.7178430495160081,True,High
0,0,0.11780162637827947,True,Low
0,0,0.15625124368068136,True,Low
0,0,0.05986836217034123,True,Low
1,0,0.39706943525797905,False,Moderate
0,0,0.27895914851229303,True,Moderate
0,0,0.1717812296066594,True,Low
1,1,0.5053576617251219,True,High
0,0,0.1492511386840412,True,Low
0,0,0.12039994004871737,True,Low
0,0,0.06056357138108971,True,Low
0,0,0.2087256394327349,True,Low
0,0,0.35011938101293427,True,Moderate
1,1,0.6349428893315019,True,High
0,0,0.28936872201792335,True,Moderate
0,0,0.22969219237250568,True,Low
0,0,0.2299166628578196,True,Low
0,0,0.12859203781672693,True,Low
0,0,0.16632582321971057,True,Low
0,0,0.09939705281976181,True,Low
0,0,0.3053979852576617,True,Moderate
1,0,0.426575713513093,False,Moderate
0,0,0.18181364882381926,True,Low
0,0,0.1348660775177037,True,Low
0,0,0.1928875559484936,True,Low
0,0,0.1522672136063197,True,Low
0,0,0.1149211539885838,True,Low
0,0,0.1393013458486426,True,Low
0,0,0.04865614712602807,True,Low
0,0,0.2095709482797571,True,Low
1,1,0.6109912068473549,True,High
0,0,0.2699412566592163,True,Moderate
0,0,0.23300991603354246,True,Low
0,0,0.2145449296906571,True,Low
0,0,0.08000563855786068,True,Low
0,0,0.2293772557459664,True,Low
0,0,0.080385595582546,True,Low
0,0,0.1393241145629456,True,Low
0,0,0.25440615012590256,True,Moderate
0,0,0.20787402326648416,True,Low
0,0,0.20140647869977696,True,Low
0,0,0.29788071528194643,True,Moderate
0,0,0.2068847637573427,True,Low
0,0,0.033936490214974975,True,Low
1,0,0.18025650661070108,False,Low
0,0,0.0925101709726957,True,Low
0,0,0.175172190924809,True,Low
0,0,0.17996309100759156,True,Low
0,0,0.045168361920049624,True,Low
0,0,0.3857555791238842,True,Moderate
1,0,0.03859894849707072,False,Low
0,0,0.2594378592325602,True,Moderate
0,0,0.1992601924143093,True,Low
0,0,0.08914463172267276,True,Low
0,0,0.21089500627721647,True,Low
0,0,0.2641109338780547,True,Moderate
0,0,0.17025423906729684,True,Low
0,0,0.19809130848187492,True,Low
0,0,0.14398818000698874,True,Low
0,0,0.13840683427649944,True,Low
0,0,0.21853331641444398,True,Low
1,0,0.27210891066733733,False,Moderate
0,0,0.11591159153659153,True,Low
0,0,0.055266322971612894,True,Low
0,0,0.44749535437580784,True,Moderate
0,0,0.2593470426627652,True,Moderate
1,0,0.19785870365812916,False,Low
1,1,0.7871187349592604,True,Very High
1,1,0.586229350782966,True,High
0,0,0.20542241416961846,True,Low
0,0,0.04485783636252769,True,Low
1,0,0.45793306346600626,False,Moderate
0,0,0.14101343253239898,True,Low
0,0,0.12621474141517783,True,Low
0,0,0.3116160919535426,True,Moderate
0,0,0.18817244758947807,True,Low
0,0,0.12089736332225569,True,Low
0,0,0.06961199179781702,True,Low
0,0,0.10299463635050991,True,Low
0,0,0.10666908300906823,True,Low
0,0,0.15049606654578762,True,Low
0,0,0.2788336116323584,True,Moderate
1,0,0.3101484606342207,False,Moderate
0,0,0.26032412487221523,True,Moderate
0,0,0.21429001261088335,True,Low
0,0,0.09288825185724987,True,Low
0,0,0.2024755710988516,True,Low
0,0,0.16856131519061063,True,Low
0,0,0.19195896077821484,True,Low
0,0,0.11189880105583964,True,Low
0,0,0.06286081760967238,True,Low
0,0,0.22585302056218334,True,Low
0,0,0.23032600799094702,True,Low
0,0,0.12601910656317,True,Low
0,0,0.2506973310287538,True,Moderate
0,0,0.14268129925683176,True,Low
0,0,0.40018614503554545,True,Moderate
1,1,0.9921624199472647,True,Very High
0,0,0.12254997380223326,True,Low
1,0,0.2503263036913936,False,Moderate
1,0,0.27973315985983765,False,Moderate
0,1,0.6060223780304639,False,High
0,0,0.2627741033626327,True,Moderate
1,0,0.04698619422136702,False,Low
1,0,0.2885640920941556,False,Moderate
1,1,0.5502328296524136,True,High
1,0,0.2543186349299054,False,Moderate
0,0,0.20698754148194773,True,Low
1,1,0.5123574335892623,True,High
0,0,0.1904354342351328,True,Low
0,0,0.03587160328653104,True,Low
1,0,0.256330796767507,False,Moderate
0,0,0.19842361259303126,True,Low
0,0,0.1475842631851069,True,Low
0,0,0.4645989615309683,True,Moderate
1,0,0.06401589557860618,False,Low
0,0,0.23882681476297435,True,Low
0,0,0.4143226363404941,True,Moderate
0,0,0.13967430242307985,True,Low
0,0,0.09805781841386635,True,Low
0,0,0.059708540815146725,True,Low
0,0,0.18253797104035996,True,Low
0,0,0.24932307080859709,True,Low
0,0,0.08874918242422046,True,Low
1,0,0.49624508460654093,False,Moderate
0,0,0.18160371639041153,True,Low
1,1,0.687367787031984,True,High
0,0,0.052241936000151284,True,Low
0,0,0.22916068905557646,True,Low
0,0,0.4534574139222815,True,Moderate
0,0,0.2400016873755343,True,Low
0,0,0.06928903261394692,True,Low
0,0,0.21974906346750417,True,Low
0,0,0.1923529172381104,True,Low
1,0,0.123880090735463,False,Low
0,0,0.4883837277113027,True,Moderate
0,0,0.1148175915030058,True,Low
0,0,0.24857364783668798,True,Low
0,0,0.35727690408068896,True,Moderate
1,1,0.5095929601159662,True,High
0,0,0.2294684644691506,True,Low
0,0,0.12303823990203615,True,Low
0,0,0.11693845755830161,True,Low
0,0,0.26258693734725236,True,Moderate
0,0,0.253265967637616,True,Moderate
0,0,0.07794113209669402,True,Low
0,0,0.22464866668826666,True,Low
1,1,0.5231533074343735,True,High
0,0,0.2228183674592756,True,Low
0,0,0.287333619240971,True,Moderate
0,0,0.04600287350668298,True,Low
0,0,0.1884172984152283,True,Low
0,0,0.2373047157317485,True,Low
1,0,0.05072588778555998,False,Low
1,0,0.4384249909973813,False,Moderate
1,1,0.7408513505307256,True,High
1,0,0.10473462724468018,False,Low
0,0,0.43770211024045613,True,Moderate
0,0,0.26188098829111817,True,Moderate
1,0,0.1856770842013568,False,Low
0,0,0.17764349801309204,True,Low
1,0,0.3579322738723942,False,Moderate
0,0,0.12164462837074894,True,Low
0,0,0.18905629087955048,True,Low
0,0,0.10171313550329697,True,Low
0,0,0.14717226029035058,True,Low
0,0,0.10452167863466218,True,Low
1,1,0.5575031766060514,True,High
0,0,0.13153917410107008,True,Low
1,0,0.12146256560481379,False,Low
1,0,0.10538056116608856,False,Low
0,0,0.11855470820439339,True,Low
0,0,0.16108615073162305,True,Low
1,0,0.20651248577643858,False,Low
0,0,0.3931210343800895,True,Moderate
0,0,0.15738887313001018,True,Low
0,0,0.038534131174102614,True,Low
1,0,0.24860619208756118,False,Low
0,1,0.5079576551940856,False,High
0,0,0.04519153643205207,True,Low
0,0,0.2388236943640489,True,Low
0,0,0.11767869675540416,True,Low
0,0,0.19333440207731056,True,Low
0,0,0.15798248310902452,True,Low
0,1,0.5148293811668786,False,High
0,0,0.4734172576726706,True,Moderate
0,1,0.5163726149904596,False,High
0,0,0.10597194374152824,True,Low
0,0,0.21580499978583326,True,Low
0,0,0.04749116788619398,True,Low
0,0,0.21972559559898996,True,Low
0,0,0.23893620393462942,True,Low
0,0,0.25707659265552146,True,Moderate
1,0,0.25042482646535774,False,Moderate
1,1,0.793744484880097,True,Very High
0,0,0.23678870495471735,True,Low
1,1,0.5225175045559588,True,High
0,0,0.19023079802873244,True,Low
0,0,0.19276985124944476,True,Low
0,0,0.22001037067112147,True,Low
0,0,0.18907796049889794,True,Low
1,0,0.1881095818932115,False,Low
0,0,0.12174561144872051,True,Low
0,0,0.2980358061599573,True,Moderate
0,0,0.12812265328678035,True,Low
1,0,0.14719251745890652,False,Low
1,0,0.13865534030263724,False,Low
0,0,0.18036267938987083,True,Low
0,0,0.27591791036926355,True,Moderate
0,0,0.034497210197729555,True,Low
0,0,0.12153289913727601,True,Low
0,0,0.172273802002552,True,Low
0,0,0.042806696080243074,True,Low
0,0,0.025594948413704185,True,Low
0,0,0.2110343007417606,True,Low
0,1,0.6324849241078195,False,High
0,0,0.2632696233282134,True,Moderate
0,0,0.14018137932017546,True,Low
0,0,0.30547936271847226,True,Moderate
0,0,0.12398617517786722,True,Low
1,0,0.04492192038868641,False,Low
1,0,0.23120960099840437,False,Low
0,0,0.039084797056548534,True,Low
0,0,0.10172570350440144,True,Low
0,0,0.12908655926528906,True,Low
0,0,0.05662554774878057,True,Low
0,0,0.03878900038057908,True,Low
0,0,0.15075023693096373,True,Low
0,0,0.18701505454293973,True,Low
0,0,0.19904097849912616,True,Low
0,0,0.1909290723679382,True,Low
0,0,0.17017811518137568,True,Low
1,0,0.4574381079763597,False,Moderate
0,0,0.04599265210554543,True,Low
0,0,0.1985178906277853,True,Low
1,0,0.26144372305309577,False,Moderate
1,0,0.17974362579462375,False,Low
0,0,0.07757113033395548,True,Low
0,0,0.3073648164959642,True,Moderate
0,0,0.17659288805434117,True,Low
0,1,0.5727374315961482,False,High
0,0,0.08199459460266864,True,Low
0,0,0.43388776065505263,True,Moderate
1,0,0.27304537735975076,False,Moderate
0,0,0.0588962037227052,True,Low
0,0,0.05274640605765354,True,Low
0,0,0.2175094202676838,True,Low
0,1,0.6159957198859862,False,High
0,0,0.23466415010737932,True,Low
0,0,0.2482660451108198,True,Low
1,1,0.6393068732481915,True,High
1,0,0.09625856265152913,False,Low
0,0,0.13983342766374082,True,Low
1,0,0.1818865979280313,False,Low
1,0,0.3049140352950953,False,Moderate
0,0,0.11118973468697989,True,Low
1,0,0.2285926748663119,False,Low
1,0,0.20644771034075918,False,Low
0,0,0.11413326678506669,True,Low
1,0,0.37116782870243814,False,Moderate
0,0,0.07688100606485039,True,Low
0,0,0.27045356170084744,True,Moderate
1,0,0.23201694632580644,False,Low
0,0,0.22161405529533573,True,Low
1,0,0.09304033676607405,False,Low
0,0,0.24958842661019848,True,Low
0,0,0.23166454617668672,True,Low
0,0,0.18179930677532397,True,Low
0,0,0.17733234312271212,True,Low
0,0,0.12872600382753283,True,Low
0,0,0.08728632416442172,True,Low
0,0,0.13047606605994924,True,Low
0,0,0.09560474024272357,True,Low
0,0,0.24129961828977897,True,Low
0,0,0.2294400594388858,True,Low
0,0,0.1809547848813254,True,Low
0,0,0.1373645726403164,True,Low
0,1,0.5661355361673749,False,High
0,0,0.045222760433002177,True,Low
0,0,0.14895153161531924,True,Low
0,0,0.24654036679612812,True,Low
0,0,0.2420994644737316,True,Low
0,0,0.4372886503658777,True,Moderate
0,0,0.056503218759411264,True,Low
0,0,0.12469772758009627,True,Low
0,0,0.03609095059162726,True,Low
0,0,0.22417783494261512,True,Low
0,0,0.2107856489903215,True,Low
1,0,0.46345378884948635,False,Moderate
0,0,0.09423075452743668,True,Low
0,0,0.09035045882531098,True,Low
0,0,0.12449737442013441,True,Low
1,1,0.5542246626575875,True,High
0,0,0.23376822756335405,True,Low
0,0,0.09867241352924529,True,Low
0,0,0.18843679404419078,True,Low
0,0,0.3388642261449849,True,Moderate
0,0,0.09947490015462013,True,Low
0,0,0.10103580710402299,True,Low
1,0,0.25722423695636343,False,Moderate
0,0,0.103314728736593,True,Low
0,0,0.08506225704480254,True,Low
0,0,0.2543896771610994,True,Moderate
0,0,0.1717330975087335,True,Low
0,0,0.003983070876068345,True,Low
0,0,0.2161063816236121,True,Low
0,0,0.1256400065007164,True,Low
0,0,0.1479525553810418,True,Low
0,0,0.05797012497809681,True,Low
0,0,0.4059801066008561,True,Moderate
0,0,0.1381434769421496,True,Low
0,0,0.1903482608245728,True,Low
0,0,0.22917043018537192,True,Low
1,0,0.09831955526201128,False,Low
0,0,0.17725018146671098,True,Low
0,0,0.20021591169184572,True,Low
0,0,0.023512458901626045,True,Low
0,0,0.14942608443053218,True,Low
1,0,0.23872783975043058,False,Low
0,0,0.20842213782616378,True,Low
0,0,0.13071916203197467,True,Low
0,0,0.24170542641353354,True,Low
0,0,0.07645791848653509,True,Low
0,0,0.20281019256817398,True,Low
0,0,0.17552317930138336,True,Low
0,0,0.19171222849010564,True,Low
0,0,0.17271432469025672,True,Low
0,0,0.15229225067188334,True,Low
0,0,0.19600070964477187,True,Low
1,0,0.1153405061887751,False,Low
0,0,0.2969572761543955,True,Moderate
1,1,0.5148888635715769,True,High
1,0,0.21617023551583958,False,Low
0,0,0.42855120634403104,True,Moderate
0,0,0.09272828225008697,True,Low
0,0,0.20297965549222474,True,Low
0,0,0.2036661533963608,True,Low
0,0,0.05730158960416828,True,Low
1,0,0.08890963724787009,False,Low
0,0,0.2530795328558166,True,Moderate
0,0,0.09017279764147686,True,Low
1,0,0.05697707548214051,False,Low
1,1,0.5713179306996823,True,High
0,0,0.1746160552570632,True,Low
0,0,0.05343068089105558,True,Low
0,0,0.06607825168463993,True,Low
0,0,0.1779938415731581,True,Low
1,0,0.30061589505065,False,Moderate
0,0,0.23159215687837933,True,Low
1,1,0.7128381986319491,True,High
1,0,0.283939164422809,False,Moderate
0,0,0.04638620057242908,True,Low
0,0,0.12223206286886829,True,Low
1,1,0.6502296612919489,True,High
0,0,0.18841799099442785,True,Low
0,0,0.24532677645637282,True,Low
0,0,0.11880969899727456,True,Low
1,0,0.07588828055288317,False,Low
0,0,0.28747151342276833,True,Moderate
0,0,0.14985045444104042,True,Low
1,0,0.15296466019994137,False,Low
0,1,0.7908257901853869,False,Very High
0,0,0.15195182404166493,True,Low
1,1,0.5310356354167812,True,High
0,0,0.03863724658447436,True,Low
1,1,0.7364612741083504,True,High
0,0,0.12108447244771516,True,Low
0,0,0.23732775672656212,True,Low
1,0,0.06145733071088361,False,Low
0,0,0.06465279039351367,True,Low
0,0,0.21001118198611926,True,Low
0,0,0.20725317376114566,True,Low
0,0,0.12593646793211152,True,Low
1,0,0.1814529522904352,False,Low
0,0,0.07278874807348118,True,Low
0,0,0.23724315822608577,True,Low
0,0,0.09650384236331926,True,Low
0,0,0.4177471794384043,True,Moderate
1,1,0.5430101500598911,True,High
1,0,0.25898178351734014,False,Moderate
1,0,0.16390408465616393,False,Low
0,0,0.2778771746806866,True,Moderate
0,0,0.1777537760151121,True,Low
0,0,0.1966422243175024,True,Low
1,0,0.45441300951388575,False,Moderate
0,0,0.04177609756085612,True,Low
0,0,0.22437780780012392,True,Low
1,1,0.5147256145871072,True,High
0,0,0.12442390984736049,True,Low
1,1,0.5237791738016561,True,High
0,0,0.0975083916014967,True,Low
0,0,0.10372601660347072,True,Low
0,0,0.13548399695725494,True,Low
0,0,0.256858293003792,True,Moderate
0,0,0.416689070287876,True,Moderate
0,0,0.2532899335367519,True,Moderate
1,0,0.16230353846938228,False,Low
1,1,0.5121918700129456,True,High
0,0,0.1762184801979852,True,Low
0,0,0.26725942031881283,True,Moderate
1,0,0.1844137963247256,False,Low
0,0,0.14867303613747612,True,Low
1,0,0.2049365531969798,False,Low
0,0,0.4185685092614116,True,Moderate
0,0,0.12013793582822735,True,Low
0,0,0.47395499490643894,True,Moderate
0,0,0.20585598609217726,True,Low
0,0,0.048273688322705156,True,Low
0,0,0.013890653725731289,True,Low
0,0,0.07283752219934313,True,Low
0,0,0.18498166334574465,True,Low
0,0,0.479974593278359,True,Moderate
0,0,0.42561989415422213,True,Moderate
1,0,0.27927273872721264,False,Moderate
0,0,0.15155146320592003,True,Low
0,0,0.056649079132519334,True,Low
0,0,0.08092094328770229,True,Low
0,0,0.047095851950294775,True,Low
0,0,0.14583137618075553,True,Low
0,0,0.11333125889200264,True,Low
0,0,0.26715978565084486,True,Moderate
0,0,0.25566197273403884,True,Moderate
0,0,0.16241089892534485,True,Low
1,0,0.34436041448193316,False,Moderate
0,0,0.1784849166238008,True,Low
1,0,0.27666841220554994,False,Moderate
0,0,0.1985700194890776,True,Low
0,0,0.17857186606468534,True,Low
1,0,0.48045990403274474,False,Moderate
0,0,0.05735057948219656,True,Low
1,0,0.2501955090163051,False,Moderate
0,0,0.17744805402123973,True,Low
0,0,0.14280600053431616,True,Low
0,0,0.10613719525038486,True,Low
0,0,0.20999996812330313,True,Low
0,0,0.4447608443310933,True,Moderate
0,0,0.06145522114223497,True,Low
0,0,0.04788184294470096,True,Low
0,0,0.18647514428377027,True,Low
0,0,0.04869451381529962,True,Low
1,0,0.1082145989313094,False,Low
0,0,0.4526812325869131,True,Moderate
0,0,0.22435853991602786,True,Low
0,0,0.07508984401504107,True,Low
0,0,0.10251943821709242,True,Low
0,0,0.2455351615343853,True,Low
0,0,0.3715193955633003,True,Moderate
0,0,0.48840011488004376,True,Moderate
0,1,0.6168646767475973,False,High
0,0,0.22030052917680146,True,Low
0,0,0.1934063511428497,True,Low
0,0,0.3008788574772332,True,Moderate
0,0,0.4387904412677016,True,Moderate
0,0,0.3881385697438367,True,Moderate
0,0,0.21373697300240888,True,Low
0,0,0.18122147736020588,True,Low
1,1,0.5435126330882242,True,High
1,0,0.1296135648168484,False,Low
0,0,0.44673060387993563,True,Moderate
1,0,0.24397454390890472,False,Low
0,0,0.34430865097336966,True,Moderate
0,0,0.09923240064970001,True,Low
0,0,0.14368125180080374,True,Low
0,0,0.05312160887250154,True,Low
1,0,0.15404882627974345,False,Low
0,0,0.19427203265620543,True,Low
0,0,0.20518119283167416,True,Low
0,0,0.1772770617433302,True,Low
0,0,0.19649728395832544,True,Low
0,0,0.2267874252546268,True,Low
0,0,0.16573104241838202,True,Low
0,0,0.16039292440057437,True,Low
0,0,0.3968212917731416,True,Moderate
0,0,0.05156030765722137,True,Low
0,0,0.23184169240002248,True,Low
0,0,0.22475054090600755,True,Low
0,0,0.23040378192437427,True,Low
1,0,0.226254298209937,False,Low
1,1,0.5442552615865249,True,High
0,0,0.26950082264108854,True,Moderate
0,0,0.22570049560738153,True,Low
0,0,0.18798540960499482,True,Low
0,0,0.2332694704875307,True,Low
0,0,0.14850391925604503,True,Low
0,0,0.10112633769383621,True,Low
0,0,0.4135365029923972,True,Moderate
1,0,0.41252714746925473,False,Moderate
0,0,0.10377523076117572,True,Low
0,0,0.049255083823927764,True,Low
0,0,0.030315478531457683,True,Low
0,0,0.29449948995354036,True,Moderate
0,0,0.20746335665872334,True,Low
0,0,0.2113725396157358,True,Low
0,0,0.05922690520119275,True,Low
0,0,0.16775282182363008,True,Low
1,0,0.16191143708671582,False,Low
0,0,0.21201504964117115,True,Low
1,0,0.21495535396703358,False,Low
1,0,0.32408943491783376,False,Moderate
1,0,0.25257896788335965,False,Moderate
1,0,0.21652974012165108,False,Low
1,1,0.8933835875043954,True,Very High
0,0,0.28078474682775284,True,Moderate
0,0,0.21443211375476134,True,Low
0,1,0.5502286798528744,False,High
0,0,0.19234853714744826,True,Low
0,0,0.18223461466473395,True,Low
1,0,0.2214055633879364,False,Low
0,0,0.22192457870776086,True,Low
0,0,0.12940459392790896,True,Low
1,1,0.5317429852939626,True,High
0,0,0.055324345283778845,True,Low
1,0,0.13664655024151445,False,Low
0,0,0.25158826314156746,True,Moderate
0,0,0.10976707935410782,True,Low
0,0,0.06453928725854316,True,Low
0,0,0.14306469876482428,True,Low
0,0,0.18680434250632008,True,Low
0,0,0.052169327802736094,True,Low
0,0,0.4262202361769648,True,Moderate
1,1,0.528645740198907,True,High
0,0,0.1989271260845334,True,Low
0,0,0.1642820944859839,True,Low
0,0,0.25170922316346095,True,Moderate
0,0,0.13039916852091088,True,Low
0,0,0.22986143543775286,True,Low
0,0,0.2085928084632789,True,Low
0,0,0.1575075755218392,True,Low
0,0,0.22448241985365072,True,Low
0,0,0.051165368120637524,True,Low
1,0,0.024746378630572604,False,Low
0,0,0.04540494462117561,True,Low
1,0,0.15870054275446946,False,Low
0,0,0.15042872656332024,True,Low
0,0,0.08053485599984167,True,Low
0,0,0.11171187611254477,True,Low
0,0,0.12196424722664459,True,Low
0,0,0.05970660442935062,True,Low
0,0,0.26407014200497336,True,Moderate
1,1,0.5378252740271011,True,High
1,0,0.19425921561344958,False,Low
1,0,0.20248205519552476,False,Low
0,0,0.07295597957677181,True,Low
0,0,0.04484805236678258,True,Low
0,0,0.16181252736938817,True,Low
0,0,0.11567326615540975,True,Low
0,1,0.5301906830827312,False,High
0,0,0.27443538372150783,True,Moderate
1,0,0.189679495680836,False,Low
0,0,0.23030929555194357,True,Low
0,0,0.19902417523557878,True,Low
0,0,0.052609093649335616,True,Low
0,0,0.1905369317240891,True,Low
0,0,0.263678516273482,True,Moderate
0,0,0.009893538424527436,True,Low
1,0,0.3117189648152358,False,Moderate
0,0,0.27553585037184636,True,Moderate
0,0,0.27114025517702683,True,Moderate
0,1,0.5625159383817041,False,High
0,0,0.20260084845966006,True,Low
0,0,0.2713810835216858,True,Moderate
0,0,0.18783823221877385,True,Low
0,0,0.1836033699841864,True,Low
0,0,0.17888457536803212,True,Low
1,0,0.27140494153063965,False,Moderate
0,0,0.26637166758013947,True,Moderate
0,0,0.056509649888216315,True,Low
0,0,0.043343479159139414,True,Low
0,0,0.25331766030182223,True,Moderate
0,0,0.3003508332981865,True,Moderate
0,0,0.21310642094855287,True,Low
0,0,0.1837381651904218,True,Low
0,0,0.214908369012522,True,Low
1,0,0.20761053161807216,False,Low
0,0,0.252974705929907,True,Moderate
0,0,0.012156732795198343,True,Low
0,0,0.04709914825078074,True,Low
0,0,0.10276365698599862,True,Low
0,0,0.20469124605759392,True,Low
0,0,0.1822948754425677,True,Low
1,0,0.14636466437403836,False,Low
1,1,0.5141228884313251,True,High
0,0,0.10260908734043744,True,Low
0,0,0.47485261730376527,True,Moderate
0,0,0.31672502578292683,True,Moderate
0,0,0.20689890686914097,True,Low
0,0,0.13280351142762756,True,Low
0,0,0.13207662462086697,True,Low
1,1,0.6164481470371911,True,High
0,0,0.19923988604368822,True,Low
0,0,0.07138775487390892,True,Low
0,0,0.09029268252070465,True,Low
1,0,0.20541428461089004,False,Low
1,0,0.08891054963692419,False,Low
0,0,0.058317532338134255,True,Low
1,0,0.014595872017943922,False,Low
0,0,0.12804035607040395,True,Low
1,0,0.13585477371184856,False,Low
0,0,0.18717287683775152,True,Low
0,0,0.010792393731671538,True,Low
1,0,0.17728918019309883,False,Low
0,0,0.15045959787802402,True,Low
0,0,0.0008655647031563313,True,Low
0,0,0.17437708601658805,True,Low
0,0,0.23000390216779884,True,Low
1,0,0.06836701173780907,False,Low
1,0,0.12326389566867237,False,Low
0,0,0.27191319278470183,True,Moderate
0,0,0.16046323151334455,True,Low
1,0,0.24810052324592158,False,Low
0,0,0.23820159876135838,True,Low
0,0,0.16763068556817354,True,Low
0,0,0.23382798679939937,True,Low
0,0,0.12251381119591118,True,Low
0,0,0.08507336708335866,True,Low
0,0,0.04623509204159857,True,Low
0,0,0.1946563941618207,True,Low
0,0,0.0029618283453383683,True,Low
0,0,0.42577812020661315,True,Moderate
0,0,0.2242561946709456,True,Low
0,0,0.18601770812696292,True,Low
0,0,0.12082574227394346,True,Low
0,0,0.21648342053125819,True,Low
0,0,0.20042141127114238,True,Low
0,0,0.2626619971520821,True,Moderate
0,0,0.17859264951492165,True,Low
0,0,0.1932182272838945,True,Low
0,0,0.19769051331455623,True,Low
1,0,0.2708938466621249,False,Moderate
0,0,0.017165779747676847,True,Low
0,0,0.2505305219080801,True,Moderate
1,0,0.41495804641550704,False,Moderate
1,0,0.34053448719553975,False,Moderate
0,0,0.12263410602272312,True,Low
0,0,0.1982626991747254,True,Low
1,0,0.47733433151559335,False,Moderate
0,0,0.06552630640396638,True,Low
1,0,0.13672057780786842,False,Low
0,0,0.023150067665248776,True,Low
0,0,0.23778336242936862,True,Low
0,0,0.20587248426903862,True,Low
1,1,0.575458452829605,True,High
1,0,0.11408649922400702,False,Low
0,0,0.22806194188164566,True,Low
1,0,0.063500609096889,False,Low
0,0,0.1866930308452271,True,Low
0,0,0.260707879264427,True,Moderate
0,0,0.12914468663592066,True,Low
1,0,0.43663587023054995,False,Moderate
0,0,0.23395308905045217,True,Low
0,0,0.15193139733858635,True,Low
0,0,0.24404059987005267,True,Low
0,0,0.23976196602990324,True,Low
0,0,0.044687130638258445,True,Low
0,0,0.23031632730931623,True,Low
0,0,0.07056181629238877,True,Low
1,0,0.03446927700673402,False,Low
0,0,0.22353436051425613,True,Low
0,0,0.07217435078374594,True,Low
0,0,0.10561633743750193,True,Low
0,0,0.11997031039531157,True,Low
1,0,0.4830637933492505,False,Moderate
0,0,0.23581376193971168,True,Low
0,0,0.1672999887794026,True,Low
1,1,0.5224799925373318,True,High
0,0,0.270575618608302,True,Moderate
0,0,0.17821093035832342,True,Low
0,0,0.052878979490067514,True,Low
0,0,0.4446542069797255,True,Moderate
0,0,0.1007956845263274,True,Low
0,0,0.15868506033641297,True,Low
0,0,0.19675170278746515,True,Low
0,0,0.10221917774062274,True,Low
0,0,0.09676291316381662,True,Low
0,0,0.22422348495474806,True,Low
0,0,0.20390789882438926,True,Low
0,0,0.006241240017966544,True,Low
0,0,0.20694417640931925,True,Low
0,0,0.38189905592315554,True,Moderate
0,0,0.2031049305903878,True,Low
0,0,0.29463611710933907,True,Moderate
0,0,0.45085141233386244,True,Moderate
0,0,0.14384332184947235,True,Low
0,0,0.3221025882680654,True,Moderate
1,1,0.6302300898068167,True,High
0,0,0.23255626665395351,True,Low
0,0,0.40467009727963293,True,Moderate
0,0,0.2767137154752196,True,Moderate
0,0,0.054231716391432656,True,Low
0,0,0.23143761039456656,True,Low
1,0,0.2302657988657571,False,Low
0,0,0.25119616181878945,True,Moderate
0,0,0.016251157647212244,True,Low
0,0,0.19412249520231492,True,Low
0,0,0.04528780818783882,True,Low
0,0,0.13754229158960532,True,Low
1,0,0.29385926782448474,False,Moderate
1,0,0.11859363914449156,False,Low
0,0,0.21661429638408625,True,Low
1,0,0.48622128162705913,False,Moderate
1,0,0.4096535107944971,False,Moderate
0,0,0.2126888647097668,True,Low
0,0,0.15634546174976074,True,Low
0,0,0.1581887188686255,True,Low
1,0,0.4759138770667548,False,Moderate
0,0,0.17073674704969483,True,Low
0,0,0.2560721526226834,True,Moderate
0,0,0.17581523469828922,True,Low
0,0,0.12015182760424584,True,Low
0,0,0.0034026523443064674,True,Low
0,0,0.05101774862650997,True,Low
1,0,0.22190196627275066,False,Low
0,0,0.07312186584985153,True,Low
1,0,0.22873919674230053,False,Low
0,0,0.10996209248954293,True,Low
0,0,0.15344919444829708,True,Low
0,0,0.12406081323036305,True,Low
1,0,0.46521335726868224,False,Moderate
0,0,0.05348747210690258,True,Low
0,0,0.056329373768575115,True,Low
0,0,0.1832480867929861,True,Low
0,0,0.12228316700001214,True,Low
0,0,0.013940093522360718,True,Low
1,1,0.6359591344240912,True,High
0,0,0.16705615154321937,True,Low
0,0,0.21639181028653992,True,Low
1,1,0.6872495133572459,True,High
0,0,0.18149828960869735,True,Low
0,0,0.26057945497196433,True,Moderate
0,0,0.09087819364909144,True,Low
0,0,0.16924226548146337,True,Low
0,0,0.17857706960220457,True,Low
0,0,0.12467065248573111,True,Low
0,0,0.037255811963444234,True,Low
1,0,0.1898888712470671,False,Low
0,0,0.22088142223378138,True,Low
1,0,0.2645801921654944,False,Moderate
0,0,0.19940180828597667,True,Low
1,0,0.10471641860268342,False,Low
0,0,0.19235030524934824,True,Low
0,0,0.10180090519993748,True,Low
0,0,0.20047399532723725,True,Low
0,0,0.2710919684191547,True,Moderate
1,1,0.5076276564446813,True,High
0,0,0.22700229870651384,True,Low
0,0,0.14329857863719347,True,Low
0,0,0.04240177486664859,True,Low
0,0,0.31844301384899576,True,Moderate
0,0,0.09216394969580523,True,Low
1,0,0.37202570637654736,False,Moderate
0,0,0.28407593608477316,True,Moderate
0,0,0.21673827436722118,True,Low
0,0,0.1174227219103427,True,Low
1,1,0.5828102462749396,True,High
0,0,0.13405323860088586,True,Low
1,0,0.09540783828916696,False,Low
0,0,0.2779488984454028,True,Moderate
0,0,0.2727265319174194,True,Moderate
0,0,0.12382949897420738,True,Low
0,0,0.14006314219029434,True,Low
0,0,0.144057533323013,True,Low
0,0,0.3950002788319351,True,Moderate
0,0,0.27778670805361266,True,Moderate
0,0,0.05234039983077515,True,Low
1,1,0.7829580163573698,True,Very High
0,0,0.139089466170684,True,Low
1,0,0.1430658208065607,False,Low
0,0,0.180445646274155,True,Low
1,1,0.5773580103171234,True,High
0,0,0.13692971499171303,True,Low
0,0,0.2025111698568117,True,Low
0,0,0.14990478943188706,True,Low
1,0,0.4577280465557787,False,Moderate
0,0,0.06572155217744603,True,Low
0,0,0.3912037668068736,True,Moderate
0,0,0.23528886396647644,True,Low
0,0,0.1207531451799326,True,Low
0,0,0.28803674430409054,True,Moderate
0,0,0.11070220077148223,True,Low
0,0,0.4341093112702524,True,Moderate
0,0,0.17899502115499574,True,Low
1,0,0.2690115061876044,False,Moderate
0,0,0.1232253707518085,True,Low
1,1,0.5460137691948582,True,High
0,0,0.21439971560380663,True,Low
0,0,0.11285860989442208,True,Low
0,0,0.12325978396327145,True,Low
0,0,0.2200301840103561,True,Low
0,0,0.45942659373453093,True,Moderate
0,0,0.21622679183145202,True,Low
0,0,0.196636276062889,True,Low
0,0,0.12130323710127534,True,Low
0,0,0.11725165160580274,True,Low
0,0,0.1957289250890814,True,Low
0,0,0.2669406114183352,True,Moderate
0,0,0.04867123236801286,True,Low
0,1,0.5244118215704144,False,High
0,0,0.0991424927985877,True,Low
1,0,0.07397531408364458,False,Low
0,0,0.1782924565983972,True,Low
0,0,0.16773982001560506,True,Low
0,0,0.23399508043316922,True,Low
0,0,0.11417672851609383,True,Low
0,0,0.14398360521456507,True,Low
0,0,0.3684423809675312,True,Moderate
0,0,0.15707679719317488,True,Low
1,0,0.05135074095320204,False,Low
0,0,0.17991118331548436,True,Low
0,0,0.0742529564652937,True,Low
1,0,0.14004883017079917,False,Low
0,0,0.2848745320758275,True,Moderate
1,0,0.3985627588415964,False,Moderate
1,1,0.5602696022659711,True,High
0,1,0.5551141044507253,False,High
1,0,0.057717509906092174,False,Low
0,0,0.10435592488798706,True,Low
0,0,0.24038329278860374,True,Low
1,1,0.615919477898714,True,High
0,0,0.23008380164969403,True,Low
0,1,0.5495895224883898,False,High
0,0,0.1343179473105698,True,Low
0,0,0.04470613226380532,True,Low
0,0,0.2573684843119685,True,Moderate
0,0,0.047601498618593384,True,Low
0,0,0.2150454098158392,True,Low
0,0,0.3019757814730433,True,Moderate
0,0,0.21123067812219687,True,Low
0,0,0.15260540663028538,True,Low
0,0,0.18406081488565615,True,Low
0,0,0.23889765506415653,True,Low
0,0,0.13620375004302732,True,Low
0,0,0.0766121066405922,True,Low
1,0,0.3917288271296066,False,Moderate
1,0,0.21900626534112363,False,Low
0,0,0.2158574662483608,True,Low
0,0,0.17053093117954823,True,Low
0,0,0.15601046358388848,True,Low
0,0,0.050432638224267294,True,Low
0,0,0.03701820943304278,True,Low
1,0,0.13736762248034654,False,Low
0,0,0.2132797262367794,True,Low
0,0,0.05801594241363175,True,Low
0,0,0.04785492486674009,True,Low
1,0,0.27442637309612244,False,Moderate
0,0,0.08424428213948033,True,Low
0,0,0.124007191109744,True,Low
0,0,0.2056667584192429,True,Low
0,0,0.1916620164192701,True,Low
1,0,0.25601363249429737,False,Moderate
1,0,0.4630291006910486,False,Moderate
0,0,0.2025586247687972,True,Low
0,0,0.16691742457473274,True,Low
0,0,0.06584458790093645,True,Low
0,0,0.04680806885537057,True,Low
0,0,0.09996237398953174,True,Low
0,0,0.04815019201885409,True,Low
0,0,0.05177247822586775,True,Low
0,0,0.1592883483415664,True,Low
0,0,0.27008990864689386,True,Moderate
1,0,0.13477660021158566,False,Low
0,0,0.18259555366259067,True,Low
0,0,0.17188405601253226,True,Low
1,1,0.6373009622175814,True,High
0,0,0.09473885296957059,True,Low
1,1,0.5707259203259675,True,High
0,1,0.5386471810896681,False,High
1,0,0.3788586554248044,False,Moderate
1,1,0.5898788190452362,True,High
0,0,0.4154925904477813,True,Moderate
0,0,0.05049157526424757,True,Low
1,0,0.17457395875906803,False,Low
0,0,0.19091963470068032,True,Low
1,1,0.5882842588033043,True,High
1,0,0.10440686678586003,False,Low
1,1,0.6123714440624607,True,High
0,0,0.20662579349766655,True,Low
0,0,0.2928881412966873,True,Moderate
0,0,0.2435897666561526,True,Low
0,0,0.15005493742170495,True,Low
0,0,0.060395132819625746,True,Low
0,0,0.08971264653568384,True,Low
0,0,0.1276593480254279,True,Low
0,0,0.2135183630316507,True,Low
0,0,0.25677452281143126,True,Moderate
0,0,0.1468831905768284,True,Low
0,1,0.893452288122764,False,Very High
0,0,0.12548161825226892,True,Low
0,0,0.20659131490571014,True,Low
0,0,0.21357569934545212,True,Low
1,0,0.21739889724834358,False,Low
1,0,0.3906575546075191,False,Moderate
0,0,0.06266220633633737,True,Low
0,0,0.07286282252421718,True,Low
0,0,0.2375733858528555,True,Low
0,0,0.013419002804509481,True,Low
1,0,0.4495087198999352,False,Moderate
0,0,0.09619959404500737,True,Low
0,0,0.2424605313947235,True,Low
0,0,0.23301677755608685,True,Low
0,0,0.12234948839343418,True,Low
1,0,0.12498080149381435,False,Low
0,0,0.21967546872184673,True,Low
0,0,0.04708481598077136,True,Low
0,0,0.2062634377568933,True,Low
1,0,0.41911110192098694,False,Moderate
0,0,0.21086294057126911,True,Low
0,0,0.23327451002397948,True,Low
1,0,0.18799183339461217,False,Low
0,0,0.07368641418841342,True,Low
1,0,0.3871456164871013,False,Moderate
0,0,0.17143002919183578,True,Low
0,0,0.23928314774921292,True,Low
0,0,0.17350143374278162,True,Low
0,0,0.2468850185342339,True,Low
0,0,0.2129892167316736,True,Low
1,0,0.14263170951387039,False,Low
0,0,0.22992954691365247,True,Low
0,0,0.4870610576644212,True,Moderate
1,1,0.5146977421484045,True,High
0,0,0.2737657107631396,True,Moderate
0,0,0.24279682628367685,True,Low
0,0,0.11863498984509965,True,Low
1,0,0.23232422736229613,False,Low
0,0,0.12425778537967436,True,Low
0,0,0.19696021609724787,True,Low
0,0,0.13188056935106493,True,Low
0,0,0.09626211344584536,True,Low
0,0,0.19046548335004945,True,Low
0,0,0.24352751863891917,True,Low
0,0,0.04608568865955201,True,Low
0,0,0.2078284791878701,True,Low
0,0,0.09646720010671166,True,Low
0,0,0.02078682057049627,True,Low
0,0,0.12472390913026883,True,Low
0,0,0.1884452477896437,True,Low
0,1,0.7772676569423163,False,Very High
0,0,0.1769866832441228,True,Low
0,0,0.2518091783937691,True,Moderate
1,0,0.3252035953910902,False,Moderate
0,0,0.1490158114398749,True,Low
0,0,0.2152136163086957,True,Low
0,0,0.11342872811663826,True,Low
0,0,0.2482215961149512,True,Low
0,0,0.2243239044361511,True,Low
1,0,0.23616024764088134,False,Low
0,0,0.1936671231443751,True,Low
0,0,0.15986515716058342,True,Low
1,0,0.10245963200173368,False,Low
0,0,0.1644363417194473,True,Low
0,0,0.2922311782486677,True,Moderate
0,0,0.30890435261453475,True,Moderate
0,0,0.195342791928759,True,Low
0,0,0.16965596443694336,True,Low
0,0,0.15207874360519627,True,Low
0,0,0.48997123368452833,True,Moderate
0,0,0.1268501294980507,True,Low
0,0,0.12172367927803832,True,Low
0,0,0.2693625604048442,True,Moderate
0,0,0.25405510037520973,True,Moderate
0,0,0.11514666089374961,True,Low
0,0,0.21003350643707877,True,Low
0,0,0.1733549834196748,True,Low
0,0,0.10725374305108518,True,Low
0,0,0.13990535331947518,True,Low
0,0,0.2693966636688823,True,Moderate
0,0,0.2425371193790349,True,Low
0,0,0.22219907223724195,True,Low
0,0,0.20853167889773244,True,Low
0,0,0.24947719290015566,True,Low
0,0,0.10797871515414952,True,Low
0,0,0.14529372750988218,True,Low
0,0,0.19781388624598245,True,Low
1,1,0.6420566668769073,True,High
0,0,0.2673238089965899,True,Moderate
0,0,0.11227056129070326,True,Low
1,0,0.3857692403853349,False,Moderate
0,0,0.005835136970046076,True,Low
0,0,0.17763947333197624,True,Low
0,0,0.29961128542614196,True,Moderate
0,0,0.1148713242619041,True,Low
0,0,0.37955204630131983,True,Moderate
0,0,0.27445394854914257,True,Moderate
0,0,0.15063803489027836,True,Low
1,1,0.7516989940256874,True,Very High
1,1,0.6088437793088679,True,High
1,0,0.23474331410669566,False,Low
0,0,0.015291905373649982,True,Low
1,0,0.25002017240424423,False,Moderate
0,0,0.06961493822548781,True,Low
0,0,0.05647201878378213,True,Low
0,0,0.07781501709143325,True,Low
1,0,0.4371320713437287,False,Moderate
0,0,0.3248830358987346,True,Moderate
1,0,0.04633759220847073,False,Low
0,0,0.20641167547418576,True,Low
0,0,0.2503850320235898,True,Moderate
0,0,0.26580194222409936,True,Moderate
0,0,0.12136569481643238,True,Low
0,0,0.2484744964474578,True,Low
0,0,0.17977118797269057,True,Low
0,0,0.22368670253833153,True,Low
0,0,0.2798549493167662,True,Moderate
0,0,0.20951807330002628,True,Low
1,0,0.2780214161970992,False,Moderate
0,0,0.06750764808428193,True,Low
1,0,0.21320628146764387,False,Low
0,0,0.26922290247685987,True,Moderate
0,0,0.12468793474142183,True,Low
0,0,0.23861015274971903,True,Low
1,0,0.25101520618943635,False,Moderate
1,0,0.2759671727586971,False,Moderate
0,0,0.06681599399712573,True,Low
0,0,0.204859032079408,True,Low
0,0,0.049244279374609734,True,Low
0,0,0.03792269290630888,True,Low
1,0,0.26457146313645774,False,Moderate
0,0,0.17835207911959072,True,Low
0,0,0.015825471264883168,True,Low
0,0,0.2004251734224651,True,Low
0,0,0.004185196318726954,True,Low
0,0,0.17418948807254195,True,Low
1,0,0.42072806033465837,False,Moderate
0,0,0.17044972146054577,True,Low
0,0,0.22931552177303996,True,Low
0,0,0.3871516766162678,True,Moderate
0,0,0.24195028336908858,True,Low
0,0,0.14241728265005518,True,Low
1,0,0.21782830961450692,False,Low
0,0,0.18521257940280791,True,Low
0,0,0.3507527202237917,True,Moderate
0,0,0.24790412170363682,True,Low
0,0,0.08252912020128648,True,Low
0,0,0.06028508776386163,True,Low
0,0,0.031549794080619226,True,Low
1,0,0.2156967948216507,False,Low
1,0,0.22785325868493686,False,Low
0,0,0.0965623361793601,True,Low
0,0,0.24284159258825058,True,Low
0,0,0.2129320279889427,True,Low
0,0,0.21750373753399418,True,Low
0,0,0.05201483653632657,True,Low
0,0,0.2332439066892666,True,Low
0,0,0.21723098930741747,True,Low
0,0,0.20780503283056548,True,Low
0,0,0.2546436119912891,True,Moderate
0,0,0.1366893232754225,True,Low
0,0,0.17840715910426472,True,Low
0,0,0.22704779448930895,True,Low
0,0,0.13108938418748667,True,Low
0,0,0.4211410323364672,True,Moderate
0,0,0.1049297260624086,True,Low
1,1,0.6151742826877266,True,High
1,0,0.4858329960988738,False,Moderate
0,0,0.18232549331577638,True,Low
0,0,0.19825089328339884,True,Low
0,0,0.4290156824386764,True,Moderate
0,0,0.2281717840322675,True,Low
1,0,0.04702130689586736,False,Low
0,0,0.2178825548690842,True,Low
0,0,0.18557268061061255,True,Low
0,0,0.20092313500429373,True,Low
0,0,0.20674623389762609,True,Low
0,0,0.2658516577522202,True,Moderate
1,0,0.2681790654654833,False,Moderate
0,0,0.2593154218870064,True,Moderate
0,0,0.020219408404547463,True,Low
0,0,0.12559873804411378,True,Low
1,0,0.3508434961267654,False,Moderate
1,1,0.5378743561332213,True,High
0,0,0.18655374756564014,True,Low
1,1,0.5454824175240518,True,High
0,0,0.21267805215689223,True,Low
0,0,0.24764466274866442,True,Low
0,0,0.21346929994305353,True,Low
1,1,0.524477336906031,True,High
0,0,0.12473145413190916,True,Low
0,0,0.3058124075704166,True,Moderate
1,0,0.19524009431742465,False,Low
0,1,0.6461960925855423,False,High
0,0,0.23227885117001604,True,Low
1,0,0.21280378213130122,False,Low
0,0,0.10549670301343834,True,Low
0,0,0.2005952240523819,True,Low
0,0,0.2068930981765317,True,Low
0,0,0.13694606068094725,True,Low
1,1,0.5644230925004244,True,High
0,0,0.45201047061364846,True,Moderate
0,0,0.15138886323848766,True,Low
0,0,0.05752060335338012,True,Low
0,0,0.20509854059969448,True,Low
0,0,0.2147566355695762,True,Low
0,0,0.38801572255020395,True,Moderate
1,0,0.08362954597112392,False,Low
0,0,0.1498160496580376,True,Low
0,0,0.1301178380729074,True,Low
1,0,0.47347135453640243,False,Moderate
1,0,0.08370169082407444,False,Low
0,0,0.12369781743667882,True,Low
0,0,0.06672821989023968,True,Low
0,0,0.16626917039382513,True,Low
0,0,0.29452953656505526,True,Moderate
0,0,0.2952245108118651,True,Moderate
0,0,0.17307538853834775,True,Low
0,0,0.10969837765142829,True,Low
0,0,0.48128397592938804,True,Moderate
1,0,0.2322687554275981,False,Low
0,0,0.23101547630108615,True,Low
0,0,0.056547723466304066,True,Low
0,0,0.2013538475480975,True,Low
0,0,0.2763737323143858,True,Moderate
0,0,0.04993039495845371,True,Low
1,1,0.5525440231918137,True,High
0,0,0.22824680897655994,True,Low
0,0,0.2119471228322753,True,Low
1,0,0.22887793714826402,False,Low
0,0,0.22967149561498884,True,Low
0,0,0.1429370229251686,True,Low
0,0,0.08388572762893759,True,Low
0,0,0.27769539438389607,True,Moderate
0,0,0.309094434014622,True,Moderate
0,0,0.19610893198340593,True,Low
1,0,0.4082861815187406,False,Moderate
0,0,0.12224838798333834,True,Low
0,0,0.11766328702804205,True,Low
0,0,0.16147869966360925,True,Low
1,0,0.43836699071561713,False,Moderate
1,0,0.23258297986855211,False,Low
1,0,0.23773459690478832,False,Low
0,0,0.03192492165063516,True,Low
0,0,0.18941251559403505,True,Low
0,0,0.056745455470594355,True,Low
0,1,0.8624889760344076,False,Very High
0,0,0.21772463841011658,True,Low
0,0,0.10295754796319331,True,Low
0,0,0.10272951466925428,True,Low
0,0,0.14753123192171783,True,Low
0,0,0.19741657779213612,True,Low
0,0,0.041042805285272606,True,Low
0,0,0.11770216716066202,True,Low
0,0,0.22662193494166233,True,Low
1,0,0.053071275251199757,False,Low
1,1,0.5277120620331057,True,High
0,0,0.20025421201744836,True,Low
0,0,0.49103873125679515,True,Moderate
1,0,0.3317876546597806,False,Moderate
0,0,0.167178719780579,True,Low
0,0,0.2027875249711445,True,Low
0,0,0.11315882181525609,True,Low
1,0,0.19630442129954712,False,Low
0,0,0.23240890870596703,True,Low
0,0,0.08590548625579576,True,Low
0,0,0.1543605745892951,True,Low
1,1,0.6347712321385143,True,High
1,0,0.23776820632734294,False,Low
0,0,0.20438673377316433,True,Low
0,0,0.23078788383413482,True,Low
0,0,0.21182765163891806,True,Low
0,0,0.13347935723090962,True,Low
0,0,0.2575086671496273,True,Moderate
0,0,0.14368102371602293,True,Low
0,0,0.25045649275790527,True,Moderate
0,0,0.07872006177807857,True,Low
0,0,0.0595461757933984,True,Low
0,0,0.1603167373015199,True,Low
1,0,0.20164844143905072,False,Low
0,0,0.2486983127297692,True,Low
0,0,0.2806582197881259,True,Moderate
1,0,0.14839300983788167,False,Low
0,0,0.05250842490316599,True,Low
0,0,0.16583787352944004,True,Low
0,0,0.13841681652463497,True,Low
0,0,0.30563900662974625,True,Moderate
1,1,0.8830345598215801,True,Very High
0,0,0.30724496847838834,True,Moderate
1,0,0.25733315749831354,False,Moderate
0,0,0.25595508640302944,True,Moderate
0,0,0.2396129884445203,True,Low
0,0,0.05105995657154504,True,Low
0,0,0.1290284282818184,True,Low
1,0,0.31350024262507914,False,Moderate
1,1,0.542554967875956,True,High
0,0,0.06612278439527458,True,Low
0,0,0.43266676114857106,True,Moderate
0,0,0.20608940951165222,True,Low
0,0,0.18612197715917406,True,Low
1,0,0.22436922371621976,False,Low
0,0,0.11073577550245209,True,Low
0,0,0.10573446026771063,True,Low
1,1,0.556221872372865,True,High
1,0,0.05692962088382152,False,Low
1,0,0.37979153961768647,False,Moderate
0,0,0.21444644394067358,True,Low
0,0,0.1596569434983849,True,Low
1,1,0.7585313432905931,True,Very High
0,0,0.14151937113282828,True,Low
1,1,0.5155611019625251,True,High
0,0,0.052109335718814195,True,Low
0,0,0.1415849286752817,True,Low
0,0,0.06437364583579529,True,Low
0,0,0.07291933584855419,True,Low
1,0,0.4672729565589013,False,Moderate
0,0,0.11780276912199544,True,Low
0,0,0.27649487382635685,True,Moderate
0,0,0.3325341746660211,True,Moderate
1,0,0.05084985865566524,False,Low
0,0,0.22791878767365373,True,Low
0,0,0.11140911187825833,True,Low
0,0,0.07838674230068521,True,Low
0,0,0.06987662631347952,True,Low
0,0,0.241005828626614,True,Low
0,0,0.05782276691071366,True,Low
1,1,0.9591930548376485,True,Very High
0,0,0.042372444690567834,True,Low
0,0,0.1461658057348181,True,Low
0,0,0.26648334472577057,True,Moderate
0,0,0.25405845543226524,True,Moderate
1,0,0.19707480692668838,False,Low
1,0,0.05467606179164122,False,Low
0,0,0.2382242254445297,True,Low
0,0,0.265198697959358,True,Moderate
0,0,0.02781481476363747,True,Low
1,1,0.9068105627732677,True,Very High
0,0,0.024484791751050606,True,Low
0,0,0.20522115338737346,True,Low
0,0,0.10647258871608707,True,Low
0,0,0.24959274627363218,True,Low
1,0,0.36845990047070154,False,Moderate
1,0,0.16671825631502182,False,Low
1,0,0.15686641052420355,False,Low
0,0,0.23186981147497202,True,Low
0,0,0.17887801958318622,True,Low
1,0,0.1880323086204702,False,Low
1,0,0.3171639023304619,False,Moderate
0,0,0.18639757847038346,True,Low
0,0,0.23192481064849302,True,Low
1,0,0.21674473044752054,False,Low
0,0,0.19651394515333456,True,Low
0,0,0.05199489146666831,True,Low
0,0,0.24510029857644627,True,Low
0,0,0.21733702399109703,True,Low
0,0,0.2816639290864073,True,Moderate
0,0,0.060142413093378755,True,Low
1,1,0.6599871526772629,True,High
0,0,0.05705258195582648,True,Low
1,0,0.18908503338789318,False,Low
0,0,0.23900009782339607,True,Low
0,0,0.3514736024950161,True,Moderate
1,0,0.15283199187668964,False,Low
0,0,0.20096056234580567,True,Low
1,1,0.5317992154895508,True,High
1,0,0.265892052680126,False,Moderate
0,0,0.04516373259850254,True,Low
0,1,0.7046003854508912,False,High
1,0,0.2505561077112009,False,Moderate
0,0,0.23127101219409477,True,Low
0,0,0.24367721901950118,True,Low
1,0,0.3871824458831415,False,Moderate
0,0,0.0931404794949541,True,Low
0,0,0.061662246435044504,True,Low
0,0,0.3195607706645803,True,Moderate
0,0,0.028783315659048,True,Low
1,0,0.01972851947073389,False,Low
0,0,0.06357793099822383,True,Low
1,0,0.25057382945345313,False,Moderate
0,0,0.05018793087392233,True,Low
0,0,0.17720147974037415,True,Low
0,1,0.5253103148356394,False,High
0,0,0.13773447415797524,True,Low
0,0,0.16073215977464797,True,Low
0,0,0.18907324493406175,True,Low
0,0,0.049876976694673496,True,Low
0,0,0.08054615791679377,True,Low
0,0,0.15970410986673939,True,Low
1,0,0.2565552683923896,False,Moderate
0,1,0.5454658322419678,False,High
0,0,0.05805193391126818,True,Low
0,0,0.07137377956772631,True,Low
0,0,0.03917398117269185,True,Low
0,0,0.22307108074616777,True,Low
0,0,0.19352402512945172,True,Low
0,0,0.25429616192238247,True,Moderate
0,0,0.17608212078892221,True,Low
1,0,0.193107069687398,False,Low
0,0,0.09554234660147067,True,Low
0,0,0.2949900983130492,True,Moderate
0,0,0.1627756228677699,True,Low
0,0,0.18019283432189723,True,Low
1,0,0.22628003682382883,False,Low
0,0,0.0678171566056381,True,Low
0,0,0.20381581071449298,True,Low
0,0,0.16988228229169922,True,Low
0,0,0.04857469363892604,True,Low
0,0,0.2431691679028757,True,Low
0,0,0.19020055778698158,True,Low
0,0,0.1496128428321651,True,Low
0,0,0.0651244240810883,True,Low
1,0,0.2753055621142321,False,Moderate
0,0,0.24207273819041403,True,Low
0,0,0.07670736831373885,True,Low
0,0,0.28989252456655434,True,Moderate
0,0,0.1623972191474372,True,Low
0,0,0.06660861371075487,True,Low
0,0,0.09803176382353317,True,Low
1,0,0.11898937473109496,False,Low
0,0,0.15653280767164204,True,Low
0,0,0.16187158529250606,True,Low
0,0,0.12993886310847289,True,Low
1,0,0.2736918749121946,False,Moderate
0,0,0.20593191993637677,True,Low
1,1,0.6485274270783692,True,High
1,0,0.2936533640222152,False,Moderate
0,1,0.6931198228926252,False,High
1,0,0.2381739436151513,False,Low
0,0,0.15227414385196064,True,Low
1,0,0.05348932137124488,False,Low
0,0,0.47227712962484075,True,Moderate
1,0,0.0931427941045552,False,Low
0,0,0.26253020155391504,True,Moderate
1,1,0.6574853034383743,True,High
0,0,0.06096406476997729,True,Low
0,0,0.1951799409588921,True,Low
1,0,0.27594579315737566,False,Moderate
0,0,0.130112813875099,True,Low
0,0,0.12309433516071981,True,Low
0,0,0.24741385200443938,True,Low
0,0,0.20116908042349962,True,Low
1,0,0.463908642000072,False,Moderate
0,0,0.23356215162570487,True,Low
0,0,0.11499449043848,True,Low
0,0,0.06450498032559349,True,Low
0,0,0.14686879169650824,True,Low
0,0,0.20593461941148739,True,Low
0,0,0.1794911676043615,True,Low
0,0,0.11392574564747801,True,Low
1,0,0.41777520989665257,False,Moderate
0,0,0.09909833282873873,True,Low
0,0,0.07640092266413646,True,Low
1,0,0.19369006523329865,False,Low
0,0,0.22419057140371895,True,Low
0,0,0.4192649225581303,True,Moderate
0,1,0.6552750015265005,False,High
0,0,0.1493770118083955,True,Low
0,0,0.26094338664138744,True,Moderate
0,0,0.24403607503290398,True,Low
1,0,0.2014885165867612,False,Low
0,0,0.06232029485408973,True,Low
0,0,0.07097797129023921,True,Low
0,0,0.2508572230421712,True,Moderate
1,0,0.09233679754009111,False,Low
0,0,0.02666612258938869,True,Low
0,0,0.08869386930302545,True,Low
1,1,0.7169835000154829,True,High
0,0,0.39915255820094586,True,Moderate
0,1,0.5371482275726965,False,High
1,0,0.3105956941335541,False,Moderate
0,0,0.05236997607307232,True,Low
1,0,0.20450930737045894,False,Low
0,0,0.18922690553648322,True,Low
0,0,0.041612319677641306,True,Low
1,0,0.15488361929150443,False,Low
0,0,0.18101795478631852,True,Low
1,1,0.5219936802060836,True,High
0,0,0.11713488195728261,True,Low
1,1,0.8039500563360789,True,Very High
0,0,0.04919493061452045,True,Low
0,0,0.1901642034945561,True,Low
0,0,0.38925591801662635,True,Moderate
0,0,0.17018067547268942,True,Low
0,0,0.20112528621607786,True,Low
0,0,0.11915194418948735,True,Low
0,0,0.4044723758267771,True,Moderate
1,1,0.5912747147414056,True,High
1,1,0.5775858264980014,True,High
0,0,0.12549628230652862,True,Low
0,0,0.21498903843846232,True,Low
0,0,0.09785457457878115,True,Low
0,0,0.45769450045015375,True,Moderate
1,0,0.29820903543139193,False,Moderate
0,0,0.32319841192354143,True,Moderate
0,0,0.20747496608597848,True,Low
0,0,0.13230900128906453,True,Low
0,0,0.11933661669493298,True,Low
0,0,0.24959626408543215,True,Low
0,0,0.1490843748242807,True,Low
0,0,0.25231942553244796,True,Moderate
0,0,0.08509960984748442,True,Low
0,0,0.1175271619610554,True,Low
0,0,0.23568589656310326,True,Low
0,0,0.1771523815811686,True,Low
0,0,0.27478797512780473,True,Moderate
0,0,0.23617489923710433,True,Low
0,0,0.09638455887020661,True,Low
0,0,0.09917244625895934,True,Low
0,0,0.025509745291423504,True,Low
0,0,0.22075510145397428,True,Low
0,0,0.0656941009482999,True,Low
0,0,0.12418642863376754,True,Low
0,0,0.23704070910450478,True,Low
1,0,0.12518704008997344,False,Low
0,0,0.07157079167118932,True,Low
0,0,0.10528505665020896,True,Low
0,0,0.15282070577944057,True,Low
0,0,0.24263766544269408,True,Low
0,0,0.23634675982274692,True,Low
0,0,0.053145408136430185,True,Low
0,0,0.25077737097562386,True,Moderate
0,0,0.05912072590497186,True,Low
0,0,0.2298523617705351,True,Low
0,0,0.05086953076853478,True,Low
0,0,0.13868018771052337,True,Low
0,0,0.2775080591173898,True,Moderate
1,0,0.10400266249841526,False,Low
0,0,0.05258756199792978,True,Low
0,0,0.2296714670152423,True,Low
0,0,0.05800028045029793,True,Low
0,0,0.1545072904554535,True,Low
0,0,0.015904714885083965,True,Low
0,0,0.27091982281518345,True,Moderate
0,0,0.2145754906817357,True,Low
0,0,0.10838702149941863,True,Low
0,0,0.04064190239545682,True,Low
1,0,0.06598445189970839,False,Low
1,0,0.15865695812845637,False,Low
0,0,0.34962695476357614,True,Moderate
0,0,0.20623079674653655,True,Low
1,1,0.5707828507678817,True,High
0,1,0.7602246717917717,False,Very High
0,0,0.2149038408791927,True,Low
0,1,0.5949170169727203,False,High
1,0,0.3035200082311408,False,Moderate
1,0,0.12587767840383707,False,Low
0,0,0.10123246366199168,True,Low
0,0,0.23297531999017207,True,Low
0,0,0.25053395256665645,True,Moderate
1,0,0.08024380769107912,False,Low
1,0,0.11664853685758587,False,Low
0,0,0.2555893543625743,True,Moderate
0,0,0.1258123778563871,True,Low
0,0,0.17619481115673527,True,Low
0,0,0.08859984606650542,True,Low
0,0,0.06926895158831167,True,Low
0,0,0.10746049406162515,True,Low
0,0,0.06555012506885242,True,Low
0,0,0.23182229005384747,True,Low
0,0,0.22447941791050727,True,Low
0,0,0.19431439529631503,True,Low
0,0,0.19670510063109448,True,Low
1,1,0.6025453155491118,True,High
0,0,0.07414750560246906,True,Low
1,0,0.2731563870848843,False,Moderate
0,0,0.11623754360731582,True,Low
0,0,0.006789316744286031,True,Low
1,0,0.4651203519171529,False,Moderate
0,0,0.22667588457350885,True,Low
0,0,0.023460168505672063,True,Low
0,0,0.05671039793265112,True,Low
0,0,0.1903398557262375,True,Low
0,0,0.04587163186079974,True,Low
0,0,0.07359730999540938,True,Low
0,0,0.22166415699500108,True,Low
0,0,0.214130909178852,True,Low
0,0,0.1885732857065972,True,Low
0,0,0.05400703298407381,True,Low
0,0,0.28342150080800277,True,Moderate
0,0,0.11966194417782164,True,Low
0,0,0.41034123247136106,True,Moderate
0,0,0.17436999343343138,True,Low
1,0,0.20598841836035692,False,Low
0,0,0.17222923792117756,True,Low
1,0,0.29688894736332944,False,Moderate
0,0,0.18841517002582417,True,Low
1,0,0.428411799413568,False,Moderate
0,0,0.17806065861262002,True,Low
0,0,0.1123115142092128,True,Low
0,0,0.44291732331393385,True,Moderate
0,0,0.03033737112007656,True,Low
0,0,0.0620742143826334,True,Low
0,0,0.12656213961969795,True,Low
0,0,0.23537353334877661,True,Low
0,1,0.5765058335445273,False,High
0,0,0.08816039135701774,True,Low
0,0,0.46136549715349,True,Moderate
0,0,0.21271386744868992,True,Low
0,0,0.1293682155378633,True,Low
0,0,0.1790880959373227,True,Low
0,1,0.5187504127635169,False,High
0,1,0.6289919170463667,False,High
0,0,0.02074202120411932,True,Low
0,0,0.12482751311842667,True,Low
1,0,0.2899935635895997,False,Moderate
1,1,0.6262696069929622,True,High
0,0,0.10229652830292109,True,Low
0,0,0.04136127486953621,True,Low
0,1,0.5629241461492913,False,High
0,0,0.24117633415598796,True,Low
1,0,0.06841665549671355,False,Low
0,0,0.05012367631303727,True,Low
0,0,0.25181799112280706,True,Moderate
0,0,0.1492320558866551,True,Low
0,0,0.09772024407809539,True,Low
0,0,0.23257621990412775,True,Low
0,0,0.12472111443407469,True,Low
0,0,0.12382014616617433,True,Low
0,0,0.11743363374967196,True,Low
0,0,0.16444601282555218,True,Low
0,0,0.24571904868149802,True,Low
0,0,0.03967651403010304,True,Low
0,0,0.22072308832706375,True,Low
0,0,0.14551914992058293,True,Low
0,0,0.23427952781719016,True,Low
0,0,0.09678593939915997,True,Low
0,0,0.1377996562736268,True,Low
0,0,0.403973353248225,True,Moderate
1,0,0.428598092876858,False,Moderate
0,0,0.0005514860446290525,True,Low
1,0,0.21723008211130423,False,Low
1,1,0.6535754884580349,True,High
0,0,0.13748675695003107,True,Low
0,0,0.24421222149571267,True,Low
0,0,0.233811239153653,True,Low
0,0,0.14675502994789896,True,Low
0,0,0.11649407758809688,True,Low
0,0,0.20395552847273454,True,Low
0,0,0.11081506403743327,True,Low
0,0,0.19819539756726967,True,Low
0,0,0.041247709393226174,True,Low
1,1,0.6773394961091069,True,High
0,0,0.03792000187170886,True,Low
0,0,0.100480800281783,True,Low
0,0,0.18961347706682374,True,Low
0,0,0.30166117558290856,True,Moderate
1,1,0.537301554353269,True,High
0,0,0.19844111470008272,True,Low
0,0,0.20050423412496218,True,Low
0,0,0.05628575883359621,True,Low
0,0,0.15666421992119114,True,Low
1,0,0.22864337155968725,False,Low
0,0,0.04197351351495961,True,Low
0,0,0.2797297586449172,True,Moderate
1,0,0.27871090190708775,False,Moderate
0,0,0.13024191327875737,True,Low
0,0,0.22594269562843908,True,Low
1,0,0.05846772325763772,False,Low
1,0,0.26922975375892033,False,Moderate
1,0,0.337543810303976,False,Moderate
0,0,0.13348047987073378,True,Low
1,1,0.579104634571421,True,High
1,0,0.2123213370121699,False,Low
0,0,0.025942619281274573,True,Low
0,0,0.17994890808001904,True,Low
0,0,0.42914610132045233,True,Moderate
1,0,0.22443670680411543,False,Low
0,0,0.0700253155034101,True,Low
0,0,0.24983988510298463,True,Low
0,0,0.34074194936268554,True,Moderate
0,0,0.0647875308388895,True,Low
0,0,0.022097685825498245,True,Low
0,0,0.16202413964838502,True,Low
1,0,0.1979455008826961,False,Low
0,0,0.06363705153615895,True,Low
0,0,0.05687724526252412,True,Low
0,0,0.07681964502486796,True,Low
1,0,0.027395825735147764,False,Low
0,0,0.046806903856558876,True,Low
0,0,0.21981513972891045,True,Low
0,0,0.06138368754059593,True,Low
0,0,0.15927729229502904,True,Low
0,0,0.3550004312544145,True,Moderate
0,0,0.16076982154744796,True,Low
0,0,0.12397617465381092,True,Low
1,1,0.6132374410802521,True,High
1,0,0.4453916324656635,False,Moderate
0,0,0.09010498601676781,True,Low
0,0,0.1137638060051011,True,Low
0,0,0.2057475781806443,True,Low
0,0,0.217694507493539,True,Low
1,0,0.21723349866811106,False,Low
0,0,0.2574975559187793,True,Moderate
0,0,0.06452087249509868,True,Low
0,0,0.1282454461147958,True,Low
0,0,0.24478666107118138,True,Low
1,0,0.2544710103255881,False,Moderate
0,0,0.20761030585829168,True,Low
1,0,0.05247094604993716,False,Low
0,0,0.280948323624772,True,Moderate
0,0,0.06048005984963282,True,Low
1,0,0.13143689714648915,False,Low
0,0,0.20578132449198014,True,Low
0,0,0.06490451518418884,True,Low
0,0,0.09006564767138593,True,Low
0,0,0.09127977594144027,True,Low
0,0,0.052010366116147,True,Low
0,0,0.09013699426090353,True,Low
0,0,0.05662875108467405,True,Low
0,0,0.13940873313144783,True,Low
1,0,0.49329178993870776,False,Moderate
0,0,0.4898313760754133,True,Moderate
1,1,0.6345507417282683,True,High
0,0,0.07750508975272798,True,Low
0,0,0.15336917096105623,True,Low
1,1,0.8503998925814876,True,Very High
0,0,0.29674765030018857,True,Moderate
1,0,0.16355213384400533,False,Low
0,0,0.2807471696098937,True,Moderate
0,0,0.11472379650532279,True,Low
0,0,0.13757441982014254,True,Low
0,0,0.3287735860101311,True,Moderate
0,0,0.0598754988584394,True,Low
0,0,0.2200522494948507,True,Low
0,1,0.8230453530503515,False,Very High
0,0,0.21994423900830193,True,Low
1,1,0.6151502614152128,True,High
0,0,0.2165734953844912,True,Low
0,0,0.13722037225367184,True,Low
0,0,0.4299589327639033,True,Moderate
1,1,0.6508210689425319,True,High
0,0,0.16431634618133625,True,Low
1,0,0.23209693440078852,False,Low
0,0,0.23228650200281153,True,Low
1,0,0.46058194938204067,False,Moderate
0,0,0.11785858798205745,True,Low
0,0,0.22738425339566676,True,Low
1,0,0.40417663053979797,False,Moderate
0,0,0.1960494682346576,True,Low
0,0,0.13253047046668223,True,Low
0,0,0.19592937923643663,True,Low
0,0,0.22131726109008668,True,Low
0,0,0.21598074636070802,True,Low
0,0,0.17462773848257077,True,Low
1,1,0.5095469980882871,True,High
0,0,0.18537337381718205,True,Low
1,0,0.06020213647628917,False,Low
1,0,0.0590019990062686,False,Low
0,0,0.30382405968228776,True,Moderate
0,0,0.17598475528032892,True,Low
0,0,0.2176288363675338,True,Low
0,0,0.2502712344851988,True,Moderate
0,0,0.12246689084281887,True,Low
0,0,0.17695703545305597,True,Low
1,0,0.24499623969637893,False,Low
0,0,0.3203482852145388,True,Moderate
0,0,0.16906163785663922,True,Low
0,0,0.1313365689363128,True,Low
0,0,0.2154288018910234,True,Low
0,0,0.009650850861890072,True,Low
0,0,0.2389178678767907,True,Low
1,0,0.2253202402707513,False,Low
0,0,0.12710059288782108,True,Low
0,0,0.14063479918156815,True,Low
0,0,0.1270843809871158,True,Low
0,0,0.1121536665089538,True,Low
0,0,0.20101457407880896,True,Low
0,0,0.19278412597560046,True,Low
0,0,0.13008241312589658,True,Low
1,0,0.0947068098585376,False,Low
1,1,0.5976143935875459,True,High
0,1,0.544155215377968,False,High
0,0,0.17895497132841456,True,Low
0,0,0.2851937724517671,True,Moderate
0,0,0.08190323422661785,True,Low
0,0,0.05463449813457927,True,Low
1,0,0.35970866998491813,False,Moderate
0,0,0.1398595425639293,True,Low
0,0,0.18913696810177988,True,Low
1,0,0.12711154287666984,False,Low
1,0,0.2864454397311364,False,Moderate
1,1,0.6832429182608023,True,High
0,0,0.4175450345538213,True,Moderate
1,0,0.37852828399433525,False,Moderate
0,0,0.19583221947025067,True,Low
0,0,0.1887803024779277,True,Low
1,0,0.22311950120560212,False,Low
0,0,0.10405925568839895,True,Low
0,1,0.5072131812892505,False,High
0,0,0.2519663861110129,True,Moderate
0,0,0.2265770192798152,True,Low
0,0,0.0771020546282835,True,Low
0,0,0.2537828146575668,True,Moderate
0,0,0.43146439731226904,True,Moderate
0,0,0.4822298793765521,True,Moderate
1,0,0.44587258084658105,False,Moderate
0,0,0.2357439388207906,True,Low
0,0,0.056287693314966324,True,Low
1,0,0.12618619627462074,False,Low
0,0,0.23083830673150876,True,Low
1,0,0.25978835754173785,False,Moderate
0,0,0.19973892920859238,True,Low
0,0,0.19396306923467646,True,Low
0,0,0.24961059429268267,True,Low
1,0,0.29896541574199254,False,Moderate
1,0,0.4389656435787993,False,Moderate
0,0,0.2336560670048954,True,Low
0,0,0.21944236489464988,True,Low
0,0,0.2331571802755668,True,Low
0,0,0.06556839424859157,True,Low
0,0,0.22802453617990734,True,Low
0,0,0.2451226336084343,True,Low
0,0,0.12101245947768038,True,Low
1,1,0.6293941130476369,True,High
0,0,0.1633430227214823,True,Low
0,0,0.056442083158019504,True,Low
0,0,0.15132222153999575,True,Low
0,0,0.38098632024411505,True,Moderate
0,0,0.04106620058913461,True,Low
0,0,0.10446100815982605,True,Low
1,1,0.5916149950344677,True,High
0,0,0.03939853706154279,True,Low
0,0,0.028364306708920272,True,Low
0,0,0.1966057817541016,True,Low
0,0,0.026602707339587157,True,Low
0,0,0.2335426254388967,True,Low
0,0,0.07707081919317721,True,Low
1,0,0.24281238921193163,False,Low
0,0,0.2980962911741931,True,Moderate
0,0,0.1789161461434349,True,Low
0,0,0.07544515739590384,True,Low
0,0,0.40949379059575824,True,Moderate
0,1,0.9139621568121474,False,Very High
1,0,0.2750073737192434,False,Moderate
1,1,0.6593481883453303,True,High
0,1,0.6110307995242067,False,High
0,0,0.16081030925362766,True,Low
0,0,0.22017605142808735,True,Low
0,0,0.3162052936556453,True,Moderate
1,0,0.23833803344670382,False,Low
1,0,0.06999580030818528,False,Low
0,0,0.046474190438901726,True,Low
0,0,0.21547215448254545,True,Low
0,0,0.1946458315616523,True,Low
0,0,0.24953506508925324,True,Low
0,0,0.17185248120180677,True,Low
1,1,0.6711074179946581,True,High
0,0,0.04251467456954046,True,Low
0,0,0.2979836630866921,True,Moderate
0,0,0.1342793023619104,True,Low
1,1,0.6271070252178442,True,High
0,0,0.4659444508177642,True,Moderate
0,0,0.04700572432801319,True,Low
0,0,0.19948812478839548,True,Low
0,0,0.23875878108535825,True,Low
0,0,0.22460875665210148,True,Low
0,0,0.16953436855083467,True,Low
0,1,0.5718719580631636,False,High
1,0,0.1974267979200302,False,Low
0,0,0.11630840746218758,True,Low
1,0,0.1468648672201268,False,Low
1,0,0.46688986195524984,False,Moderate
0,0,0.07939054232952567,True,Low
0,0,0.0623297607364971,True,Low
0,0,0.38886265625439953,True,Moderate
1,0,0.39846314728552795,False,Moderate
0,0,0.26084974841776803,True,Moderate
0,0,0.05045928628355878,True,Low
1,1,0.6471293013600146,True,High
1,0,0.18814498805972008,False,Low
1,1,0.5352228535077829,True,High
0,0,0.03576577815231213,True,Low
0,0,0.088764478493607,True,Low
0,0,0.20871081704134703,True,Low
1,0,0.05008599223227205,False,Low
0,0,0.2780327683186928,True,Moderate
0,0,0.22742422419078698,True,Low
0,0,0.16243388562609493,True,Low
0,0,0.04123376597757984,True,Low
1,1,0.5017303207547501,True,High
0,0,0.13745360046226643,True,Low
0,0,0.21922165230044754,True,Low
0,0,0.28336003816151134,True,Moderate
0,0,0.048957418325960005,True,Low
0,0,0.02373765034450161,True,Low
0,0,0.16115804715793874,True,Low
0,0,0.21472884934299663,True,Low
0,0,0.17312855469344307,True,Low
0,0,0.22108913028476257,True,Low
0,0,0.19415090633991658,True,Low
0,0,0.096613159111022,True,Low
0,0,0.016310244290356626,True,Low
0,0,0.24195056688842426,True,Low
0,0,0.17861023786906982,True,Low
0,0,0.15766386864489673,True,Low
0,0,0.23808686405356097,True,Low
0,0,0.2018016519029401,True,Low
0,0,0.2343996212755209,True,Low
0,0,0.13747827850791716,True,Low
0,0,0.15710945657633002,True,Low
0,0,0.20698229461484,True,Low
0,0,0.1561067379102635,True,Low
0,0,0.15214178680288104,True,Low
1,1,0.5992945865166909,True,High
0,0,0.08611049490821902,True,Low
0,0,0.24813062054251542,True,Low
0,0,0.23515519466932683,True,Low
1,0,0.30032182436502186,False,Moderate
0,0,0.3632266346519839,True,Moderate
0,0,0.13706928906751464,True,Low
0,0,0.30511661703688975,True,Moderate
0,0,0.2395000696969919,True,Low
0,0,0.20522340337420522,True,Low
1,0,0.2564298811777647,False,Moderate
1,1,0.9928794819202017,True,Very High
0,0,0.1397461128904296,True,Low
0,0,0.25109599058451737,True,Moderate
0,0,0.1662201596039115,True,Low
0,0,0.05657575572931589,True,Low
0,0,0.22862629452861472,True,Low
1,0,0.03851516201279812,False,Low
1,0,0.2685015891296044,False,Moderate
0,0,0.0684302262145488,True,Low
0,0,0.23246533469919223,True,Low
1,0,0.2630299656582645,False,Moderate
0,0,0.06538895892187968,True,Low
1,1,0.5073004392289667,True,High
0,0,0.15962569484325334,True,Low
0,0,0.19299548671176284,True,Low
1,1,0.6892506798938539,True,High
1,0,0.46003555870380575,False,Moderate
0,0,0.26396244732403396,True,Moderate
1,0,0.384636205457013,False,Moderate
0,0,0.08196896336067239,True,Low
1,1,0.8854126045167553,True,Very High
0,0,0.21906017182976253,True,Low
0,0,0.07425446579991091,True,Low
1,0,0.21583017966485737,False,Low
0,0,0.2841385638083424,True,Moderate
0,0,0.47673415262127117,True,Moderate
0,0,0.1538206562207853,True,Low
1,1,0.5949611144649805,True,High
0,0,0.1060640976976249,True,Low
0,0,0.05547577429784164,True,Low
0,0,0.07157391931142912,True,Low
0,0,0.29500311635561455,True,Moderate
0,0,0.3585662651753566,True,Moderate
0,0,0.024469295550206653,True,Low
0,0,0.24848180224586278,True,Low
0,0,0.036635218337154454,True,Low
0,0,0.10396838644790221,True,Low
1,1,0.5922602605517299,True,High
1,1,0.5105635230268368,True,High
1,0,0.1526575804324377,False,Low
0,0,0.06913723687741019,True,Low
1,0,0.1856618061331958,False,Low
0,0,0.11886690564712662,True,Low
1,0,0.09827373809450513,False,Low
1,0,0.24632819333002923,False,Low
0,0,0.1377321975970501,True,Low
0,0,0.09481233484984056,True,Low
0,0,0.042510521383075914,True,Low
0,0,0.11351488224575611,True,Low
0,0,0.060884630899462416,True,Low
0,0,0.18138176922595575,True,Low
0,0,0.1179080170651455,True,Low
0,0,0.2813808993658962,True,Moderate
0,0,0.056226488251736734,True,Low
0,0,0.28868692124355266,True,Moderate
1,0,0.43839798340049374,False,Moderate
0,0,0.24641705016450116,True,Low
0,0,0.15459497472220093,True,Low
0,0,0.12323383940947683,True,Low
1,0,0.2527123803765894,False,Moderate
0,0,0.14913202832629407,True,Low
1,0,0.22689996885183725,False,Low
0,0,0.17335147004926058,True,Low
0,0,0.371882238057765,True,Moderate
0,0,0.20776535840021215,True,Low
1,1,0.5028527356746637,True,High
0,0,0.27525262039679355,True,Moderate
0,0,0.14719480512876032,True,Low
0,0,0.23360115071855092,True,Low
0,0,0.19885247114694893,True,Low
0,0,0.19856512613232888,True,Low
0,0,0.10355614358911133,True,Low
0,0,0.2057612417409524,True,Low
0,0,0.2387328586659927,True,Low
0,0,0.49036574492133006,True,Moderate
0,0,0.05391096450792174,True,Low
1,1,0.5588813185904503,True,High
0,0,0.13017263726756506,True,Low
0,0,0.19873255141512625,True,Low
0,0,0.02407345513783831,True,Low
0,0,0.067187511353237,True,Low
0,0,0.08548830563194539,True,Low
0,0,0.06772300527947211,True,Low
1,0,0.05466511327896058,False,Low
0,0,0.20121620701051102,True,Low
1,1,0.6040939273308241,True,High
0,0,0.42009859685160494,True,Moderate
0,0,0.07804816036473601,True,Low
1,0,0.21358884511442153,False,Low
0,0,0.39559678439429613,True,Moderate
0,0,0.23114098083685825,True,Low
0,0,0.2213590492788752,True,Low
0,0,0.02248346038686936,True,Low
0,0,0.07257140420629452,True,Low
0,0,0.02581549134749965,True,Low
0,0,0.29926317525650636,True,Moderate
0,0,0.0842323887856044,True,Low
1,1,0.9930493253974157,True,Very High
0,0,0.06849671805405565,True,Low
0,0,0.2509907093232408,True,Moderate
0,0,0.09799154363211243,True,Low
0,0,0.21945715645900934,True,Low
0,0,0.10027417266286187,True,Low
0,0,0.23935411623162234,True,Low
1,0,0.41623320367535005,False,Moderate
0,0,0.22395020004053035,True,Low
0,0,0.1347855554541758,True,Low
0,0,0.23911299199096386,True,Low
0,0,0.24220040655503786,True,Low
1,0,0.37232165054165217,False,Moderate
1,0,0.22173459872272933,False,Low
0,0,0.15958965990675184,True,Low
1,0,0.11163719869384517,False,Low
0,0,0.18905586812364533,True,Low
0,0,0.09217108666392669,True,Low
0,0,0.06182028938166453,True,Low
0,0,0.22331732627798676,True,Low
0,0,0.16072511082146435,True,Low
1,0,0.04483502672739726,False,Low
0,0,0.11947392859603011,True,Low
1,0,0.24110137863321837,False,Low
0,0,0.10151999424686078,True,Low
0,0,0.256730841029883,True,Moderate
0,0,0.14277722822350808,True,Low
0,0,0.15695302579989184,True,Low
0,0,0.2662285911484959,True,Moderate
0,0,0.1647094725397147,True,Low
1,0,0.16519660072975792,False,Low
0,0,0.13658063435547158,True,Low
0,0,0.09837475887534315,True,Low
1,0,0.22052251868437062,False,Low
0,1,0.7627127779060799,False,Very High
0,0,0.1874398705965798,True,Low
0,0,0.0903331573514583,True,Low
1,0,0.2142579439063221,False,Low
0,0,0.18096417124962577,True,Low
0,0,0.32461645332162675,True,Moderate
0,0,0.0673022074006658,True,Low
0,0,0.10758491547479118,True,Low
0,0,0.33481247122084773,True,Moderate
0,0,0.24583280344577974,True,Low
1,0,0.061856164925966975,False,Low
0,0,0.0640209619557971,True,Low
0,0,0.18973457542343666,True,Low
0,0,0.16668668555743857,True,Low
0,0,0.2669268684121229,True,Moderate
1,1,0.7683004081773129,True,Very High
1,0,0.44660634023548595,False,Moderate
0,0,0.04649004013517117,True,Low
0,0,0.3412424483504068,True,Moderate
0,1,0.5740897183614769,False,High
1,0,0.48102234546673817,False,Moderate
1,0,0.4788188085148219,False,Moderate
0,0,0.13662436340308512,True,Low
0,0,0.18912569505635407,True,Low
0,0,0.27105166081540494,True,Moderate
1,0,0.2752133501205625,False,Moderate
1,1,0.8394108234142214,True,Very High
0,0,0.1380736087028964,True,Low
1,0,0.12294822819242157,False,Low
0,0,0.1402531041267693,True,Low
0,0,0.05700671232654232,True,Low
1,1,0.6095381700096786,True,High
1,0,0.4819070062721358,False,Moderate
1,0,0.4441343569704447,False,Moderate
1,0,0.23564745890413674,False,Low
0,0,0.19746394081478955,True,Low
1,0,0.49679080662672276,False,Moderate
0,0,0.09840121660606266,True,Low
0,0,0.28002804045104085,True,Moderate
0,0,0.1735942452117,True,Low
0,0,0.11949630980209046,True,Low
0,0,0.19573030614761064,True,Low
0,0,0.1136011969059056,True,Low
0,0,0.28211820692916906,True,Moderate
0,0,0.05519914154780009,True,Low
0,0,0.17453834561796622,True,Low
1,0,0.4355798438449586,False,Moderate
0,0,0.3734016270890228,True,Moderate
0,0,0.10230153961268702,True,Low
0,0,0.27382832320226347,True,Moderate
0,0,0.1903011068349875,True,Low
0,0,0.1181948983408215,True,Low
0,0,0.0658895609071964,True,Low
0,0,0.41376945599525183,True,Moderate
0,0,0.18740819589181354,True,Low
0,0,0.05917849671693484,True,Low
1,0,0.13234393557265073,False,Low
0,1,0.5439253488806803,False,High
0,0,0.14309410476282672,True,Low
0,0,0.06252447766762752,True,Low
0,0,0.21527381612893462,True,Low
0,0,0.10094865280868087,True,Low
1,1,0.5362644534687468,True,High
0,0,0.21932504100738726,True,Low
0,1,0.5536361929631447,False,High
0,0,0.19383613400100375,True,Low
0,0,0.051837889522616656,True,Low
1,0,0.12622751466885185,False,Low
1,0,0.07162497092240332,False,Low
0,0,0.1929469560174105,True,Low
0,0,0.31104113145024836,True,Moderate
0,0,0.14837972255491955,True,Low
0,0,0.4671839104823199,True,Moderate
0,0,0.46177155678355847,True,Moderate
0,0,0.05301791506540457,True,Low
0,0,0.19153549690917399,True,Low
0,0,0.12116404106183462,True,Low
0,0,0.16380568554780264,True,Low
0,1,0.5704532034487402,False,High
0,0,0.02785343933307992,True,Low
1,0,0.08256754361353168,False,Low
0,0,0.2741111424857449,True,Moderate
0,0,0.19809328278221766,True,Low
0,0,0.4287326629014536,True,Moderate
0,0,0.15554950232937403,True,Low
0,0,0.26085454197301505,True,Moderate
1,0,0.2737511989239222,False,Moderate
0,0,0.06072508344834884,True,Low
0,0,0.060997235652423834,True,Low
0,0,0.11499603165747246,True,Low
0,0,0.19972712469094314,True,Low
0,0,0.16356505813813574,True,Low
1,1,0.5824069100925943,True,High
0,0,0.26534025942876666,True,Moderate
0,0,0.10466812053911889,True,Low
1,0,0.15152137221705064,False,Low
0,0,0.16760136966362055,True,Low
0,0,0.22135762398702427,True,Low
0,0,0.05065786465875728,True,Low
0,0,0.24401961072301315,True,Low
0,0,0.13414089764503787,True,Low
0,0,0.29704774019868047,True,Moderate
0,0,0.010191712088018183,True,Low
0,0,0.11265749405528934,True,Low
0,0,0.4290185927373339,True,Moderate
0,1,0.5952367453786939,False,High
1,1,0.7423258583235888,True,High
0,0,0.05771626171619977,True,Low
1,0,0.23712956115278275,False,Low
0,0,0.21755612250828155,True,Low
0,0,0.06912060668513804,True,Low
0,0,0.16877353542463128,True,Low
0,0,0.12725544936016805,True,Low
0,0,0.22684115356168094,True,Low
0,0,0.19673461452180907,True,Low
0,0,0.13660956373684013,True,Low
0,0,0.1543805731084847,True,Low
1,1,0.521438228466712,True,High
0,0,0.16650197140994102,True,Low
1,0,0.14622676269045903,False,Low
0,0,0.16506581713510252,True,Low
0,0,0.333553561666982,True,Moderate
0,0,0.20436375498741388,True,Low
0,0,0.3062717663963924,True,Moderate
0,0,0.10270853825787127,True,Low
0,0,0.11312228272060301,True,Low
1,1,0.5860485936235639,True,High
0,0,0.09340763546023109,True,Low
0,0,0.24155651578464035,True,Low
0,0,0.18391621016510884,True,Low
1,1,0.5217086755271562,True,High
0,0,0.25368119256256727,True,Moderate
0,0,0.43340878846312475,True,Moderate
0,0,0.13536231904836152,True,Low
0,0,0.2211536551366815,True,Low
1,0,0.42945936028962917,False,Moderate
1,0,0.1272207670387127,False,Low
0,0,0.13728248165540174,True,Low
0,0,0.29508262732160506,True,Moderate
0,0,0.11963273099638583,True,Low
0,0,0.18303816161082972,True,Low
0,0,0.043731516537428974,True,Low
0,0,0.25297873239389956,True,Moderate
0,0,0.2597986973373831,True,Moderate
0,0,0.4443443239888266,True,Moderate
0,0,0.018895718423367732,True,Low
0,0,0.2208474607048108,True,Low
0,0,0.2204688390414604,True,Low
0,0,0.2031575764978135,True,Low
1,0,0.15783391160098403,False,Low
0,0,0.01795691682499333,True,Low
0,0,0.24004493574482566,True,Low
1,0,0.21223445743549849,False,Low
1,1,0.5180301822331398,True,High
0,0,0.08529132079038812,True,Low
0,0,0.25800119682229317,True,Moderate
0,0,0.11570923770076019,True,Low
0,0,0.18655013418252006,True,Low
0,0,0.13975594024271895,True,Low
0,1,0.7041390055002364,False,High
0,0,0.134264802402248,True,Low
1,0,0.05608110871347755,False,Low
0,0,0.04413577656100113,True,Low
0,0,0.17392541963176944,True,Low
0,0,0.22131964529982553,True,Low
0,0,0.12416108885115934,True,Low
1,0,0.2099549670150496,False,Low
0,0,0.21698602067453832,True,Low
0,0,0.1815582175600274,True,Low
0,0,0.23356751267136155,True,Low
0,0,0.2487011729509698,True,Low
0,0,0.11049501531747236,True,Low
0,0,0.1562549755755362,True,Low
0,0,0.10887080706048649,True,Low
0,0,0.12272214490969396,True,Low
0,0,0.07419486165543315,True,Low
0,0,0.07207412597217111,True,Low
0,0,0.09009691864092718,True,Low
0,0,0.15143157006570446,True,Low
0,0,0.01738414006510255,True,Low
0,0,0.03169028632058853,True,Low
0,0,0.12210572411274659,True,Low
0,0,0.05447330408696002,True,Low
0,0,0.38204190882924194,True,Moderate
0,0,0.12064803768048235,True,Low
0,0,0.23240850615679834,True,Low
0,0,0.030729482548364925,True,Low
0,0,0.06214999169194311,True,Low
0,0,0.06493376470253222,True,Low
0,0,0.02367707913091085,True,Low
0,0,0.0754909746005172,True,Low
0,0,0.24612630164973148,True,Low
0,0,0.23446339996575855,True,Low
0,0,0.06253811669251881,True,Low
1,1,0.5559051126235175,True,High
0,0,0.18136507474252644,True,Low
0,0,0.06399323896791208,True,Low
1,0,0.2934803567217893,False,Moderate
1,0,0.16284943463201257,False,Low
0,0,0.2534706734309534,True,Moderate
0,0,0.13053893802011476,True,Low
0,0,0.2762728803379486,True,Moderate
0,0,0.1730298768176431,True,Low
0,0,0.17718570804527642,True,Low
0,0,0.17238475436298603,True,Low
0,0,0.3119117413492588,True,Moderate
0,0,0.18224136717991413,True,Low
1,0,0.3909399837186502,False,Moderate
0,0,0.05977440563008175,True,Low
1,0,0.42926857634120236,False,Moderate
1,0,0.4759737786990612,False,Moderate
0,0,0.14057191074036854,True,Low
0,0,0.42852347080654424,True,Moderate
1,1,0.5721586221960694,True,High
0,0,0.21521798941150636,True,Low
0,0,0.26682785539775433,True,Moderate
0,0,0.19552307295763846,True,Low
0,0,0.06423264843179217,True,Low
1,0,0.31446785270842453,False,Moderate
0,0,0.002247832972074934,True,Low
0,0,0.04876661388866925,True,Low
1,1,0.5291455478048591,True,High
0,0,0.035472765292980865,True,Low
1,0,0.29858274831722,False,Moderate
0,0,0.06247523828931046,True,Low
0,0,0.1614559063898796,True,Low
0,0,0.13275136996317735,True,Low
0,1,0.5847900527849895,False,High
0,0,0.1199272834397881,True,Low
0,0,0.10837606969531191,True,Low
0,0,0.1114623412126303,True,Low
0,0,0.12039559205617109,True,Low
1,1,0.5226194667357418,True,High
1,0,0.4225278012114753,False,Moderate
0,0,0.12878461839591723,True,Low
0,0,0.11879542075824083,True,Low
0,0,0.07335313244384081,True,Low
0,0,0.2196405978162118,True,Low
0,0,0.3327757898257222,True,Moderate
0,0,0.22276809768022057,True,Low
0,0,0.14080043793505514,True,Low
0,0,0.1806589471537696,True,Low
1,0,0.26785996411712265,False,Moderate
1,0,0.28542611601455664,False,Moderate
1,0,0.4506158117391994,False,Moderate
0,0,0.27567375901738506,True,Moderate
0,0,0.42905041769975927,True,Moderate
0,0,0.2646125677423195,True,Moderate
0,0,0.24511375870655464,True,Low
0,0,0.04198929160705859,True,Low
1,1,0.605058002726396,True,High
1,0,0.29016676397203256,False,Moderate
0,0,0.20224903639217892,True,Low
0,0,0.20507642059097522,True,Low
0,0,0.06022348621251932,True,Low
0,0,0.12988079900866065,True,Low
0,0,0.25560111976193944,True,Moderate
0,0,0.3959836228211188,True,Moderate
0,0,0.3429123304578767,True,Moderate
0,0,0.1586388690915836,True,Low
0,0,0.05104265604370148,True,Low
0,0,0.1199517655170332,True,Low
0,0,0.20969497322275776,True,Low
0,0,0.1714839708552439,True,Low
0,0,0.11535237620870344,True,Low
0,0,0.050847441517202364,True,Low
1,1,0.626542433416182,True,High
0,0,0.23064329495423758,True,Low
0,0,0.2917254724857612,True,Moderate
1,1,0.5865885605120417,True,High
0,0,0.26631196653595524,True,Moderate
0,0,0.11349746630722618,True,Low
0,0,0.16495927389241946,True,Low
0,0,0.19650367155337253,True,Low
0,0,0.13998023515315378,True,Low
0,0,0.20114344711595236,True,Low
0,0,0.1382909964934439,True,Low
1,0,0.3260299601000126,False,Moderate
0,0,0.21651902946748833,True,Low
0,0,0.008849906785402815,True,Low
0,0,0.21048561456828063,True,Low
1,1,0.6191010801905704,True,High
0,0,0.103428027407486,True,Low
0,0,0.2523503155168016,True,Moderate
0,0,0.30981891808343076,True,Moderate
0,0,0.09718176957076462,True,Low
0,0,0.1302293573808242,True,Low
0,0,0.22632954795619242,True,Low
0,0,0.21288255400362383,True,Low
0,0,0.18791200433854896,True,Low
1,0,0.1102320573490604,False,Low
0,0,0.08973726827742125,True,Low
1,0,0.0860849798633361,False,Low
0,0,0.09704942307666924,True,Low
0,0,0.224234380660634,True,Low
1,0,0.056610142305413266,False,Low
0,0,0.058826608156906206,True,Low
0,0,0.41016421285458776,True,Moderate
0,0,0.2157410914623448,True,Low
0,0,0.17972561275395152,True,Low
0,0,0.25028332886997534,True,Moderate
0,0,0.26104303554645103,True,Moderate
0,0,0.12448364041418451,True,Low
1,0,0.14236931297947916,False,Low
0,1,0.5060759935758159,False,High
0,0,0.1645645902676282,True,Low
0,0,0.12143796775437095,True,Low
0,0,0.20357405732873324,True,Low
1,1,0.5278329565565928,True,High
0,0,0.029921420176623227,True,Low
0,0,0.13010952707111578,True,Low
1,1,0.7478436124927983,True,High
0,0,0.4466280562926637,True,Moderate
1,1,0.671149003896399,True,High
0,0,0.03042469832561157,True,Low
0,0,0.05838027013346459,True,Low
0,0,0.05887769643350235,True,Low
0,0,0.20948864684829402,True,Low
0,0,0.20478471932149336,True,Low
0,0,0.06509551418285896,True,Low
1,0,0.1330747581293914,False,Low
0,0,0.2424960903136757,True,Low
0,0,0.1971243392609977,True,Low
1,0,0.1315109513083618,False,Low
0,0,0.2291851548233314,True,Low
1,1,0.5205289756492109,True,High
0,1,0.5657530354860517,False,High
0,0,0.20604755638661001,True,Low
0,0,0.011284069077588818,True,Low
0,0,0.19058053061613103,True,Low
0,0,0.23664881815359756,True,Low
0,1,0.6432684718164737,False,High
1,0,0.47964629829181976,False,Moderate
0,0,0.250436322484478,True,Moderate
0,0,0.25785255290515824,True,Moderate
0,0,0.09640153215397487,True,Low
1,0,0.07144299306045628,False,Low
0,0,0.10983474936382352,True,Low
1,0,0.21608154627635287,False,Low
0,0,0.14402173701804244,True,Low
1,0,0.43875503295402396,False,Moderate
0,0,0.1655003570944239,True,Low
0,0,0.10563784797532602,True,Low
0,0,0.05580784006586103,True,Low
0,0,0.030689967394118396,True,Low
0,0,0.21903808418636195,True,Low
0,0,0.24802646776086887,True,Low
0,0,0.05757999656233589,True,Low
0,0,0.04506534253168293,True,Low
0,0,0.06215860400949045,True,Low
0,0,0.16158350358520399,True,Low
0,0,0.25302574043258225,True,Moderate
0,0,0.12127677872234405,True,Low
0,0,0.11775372664774092,True,Low
0,0,0.03171923230449809,True,Low
1,0,0.27420167365848847,False,Moderate
1,1,0.712000867051888,True,High
0,0,0.1103444141743382,True,Low
0,0,0.017219370190397862,True,Low
0,0,0.1366253822799865,True,Low
1,1,0.5798322837716781,True,High
0,0,0.23699676495603406,True,Low
0,0,0.23095012331136555,True,Low
0,0,0.10586931163060727,True,Low
0,0,0.056877021359323286,True,Low
0,0,0.24236119809534715,True,Low
0,0,0.2587528318421237,True,Moderate
0,0,0.30843751155535243,True,Moderate
0,0,0.12944549053621512,True,Low
1,0,0.06170399502079602,False,Low
1,0,0.19705452445706065,False,Low
0,0,0.09882401959145548,True,Low
1,1,0.614489876809308,True,High
0,0,0.12873347096594784,True,Low
0,0,0.2334880984158976,True,Low
0,0,0.051982616356968145,True,Low
0,0,0.17147215326044843,True,Low
1,0,0.3775988334872376,False,Moderate
1,0,0.09296526528354904,False,Low
0,0,0.18736533440612538,True,Low
0,0,0.10708482934523408,True,Low
0,0,0.056352927210683273,True,Low
0,0,0.16181106880174567,True,Low
0,0,0.17769531734656852,True,Low
0,0,0.2371664217604311,True,Low
0,0,0.3592357422954235,True,Moderate
0,0,0.1349463007266277,True,Low
0,0,0.22270117757604535,True,Low
1,0,0.14609629180408878,False,Low
0,0,0.21153652466138648,True,Low
0,0,0.2275174819819483,True,Low
1,0,0.48102726458988043,False,Moderate
0,0,0.037437003052372145,True,Low
0,0,0.06383979033452485,True,Low
0,0,0.23604704575800933,True,Low
0,0,0.1760574493607938,True,Low
0,0,0.24134287901388132,True,Low
0,0,0.16763914537966726,True,Low
0,0,0.19190124587811702,True,Low
0,0,0.008398156263748083,True,Low
0,0,0.20689286481282884,True,Low
0,0,0.13267324633870745,True,Low
0,0,0.11208798821773276,True,Low
0,0,0.22543158364950389,True,Low
0,0,0.12077989996111438,True,Low
0,0,0.01906803102897299,True,Low
0,0,0.22859822564238272,True,Low
0,0,0.03359890683944142,True,Low
0,0,0.16064877295867883,True,Low
0,0,0.039407918097958676,True,Low
0,0,0.26174136719816204,True,Moderate
1,0,0.2822085095435624,False,Moderate
0,0,0.2011892567872852,True,Low
0,0,0.15612385892344902,True,Low
0,0,0.3053857302217916,True,Moderate
0,0,0.25584880678261146,True,Moderate
1,0,0.04037063257318968,False,Low
1,0,0.1965185643411599,False,Low
0,0,0.06375008338981403,True,Low
0,0,0.2081168858684994,True,Low
0,0,0.22389030812541766,True,Low
1,1,0.6171815166163246,True,High
0,0,0.1942254748493408,True,Low
0,0,0.03803650301920583,True,Low
1,0,0.24962156068190983,False,Low
0,0,0.10896440217151925,True,Low
1,0,0.31250042037749465,False,Moderate
0,0,0.30703379839360295,True,Moderate
1,0,0.20207327698727282,False,Low
1,1,0.7279096406540397,True,High
1,0,0.09868685219517688,False,Low
0,0,0.183873156878909,True,Low
0,0,0.24262295332120165,True,Low
0,0,0.18541473629427452,True,Low
1,1,0.6400325971045184,True,High
1,0,0.37044888324452807,False,Moderate
1,0,0.3389154847898214,False,Moderate
0,0,0.10063371226366567,True,Low
0,0,0.08004287194010312,True,Low
0,0,0.4666465991894954,True,Moderate
0,0,0.054904374156818515,True,Low
1,0,0.15805683261516104,False,Low
0,0,0.045293214412485204,True,Low
0,0,0.09612155052342507,True,Low
0,0,0.21884652999200296,True,Low
0,0,0.15699212924885858,True,Low
1,0,0.14190623251813572,False,Low
0,0,0.14290634193450608,True,Low
1,1,0.8352844641933109,True,Very High
1,0,0.48769035526481597,False,Moderate
0,0,0.04207819495267057,True,Low
0,0,0.20683270841038676,True,Low
0,0,0.18853865050092206,True,Low
1,0,0.11283398852511989,False,Low
0,0,0.3228561762025086,True,Moderate
0,0,0.19277217405736177,True,Low
0,0,0.2645672371136022,True,Moderate
1,0,0.1948732615289722,False,Low
0,0,0.04029181464197365,True,Low
0,0,0.0767570294437719,True,Low
0,0,0.04550705208355617,True,Low
0,0,0.05285964497316302,True,Low
0,0,0.17868073101317186,True,Low
0,0,0.05265208774517438,True,Low
0,0,0.21787195309152735,True,Low
0,0,0.15853077005956198,True,Low
0,0,0.15177089375844843,True,Low
0,0,0.1663669659180058,True,Low
0,0,0.050088548249140524,True,Low
0,0,0.10869781753241813,True,Low
0,0,0.08102302688054903,True,Low
1,0,0.26642958275603795,False,Moderate
1,0,0.04827346337603551,False,Low
0,0,0.09921435838124877,True,Low
1,0,0.2559090351114094,False,Moderate
0,0,0.21605215900823746,True,Low
0,0,0.16435129364568485,True,Low
0,0,0.12352154138650558,True,Low
1,0,0.46845501538176765,False,Moderate
0,0,0.1710595710380522,True,Low
0,0,0.22744775182076646,True,Low
0,0,0.31743889736162995,True,Moderate
0,0,0.09247900278299373,True,Low
0,0,0.19573084542727445,True,Low
1,0,0.23842329970391474,False,Low
0,0,0.2708759328321935,True,Moderate
0,0,0.09770133851454546,True,Low
1,0,0.2527375802323411,False,Moderate
1,0,0.45734445282320596,False,Moderate
0,0,0.10206479682582639,True,Low
0,0,0.24774344329316053,True,Low
0,0,0.10450425008506778,True,Low
0,0,0.13211162052022177,True,Low
0,0,0.19886584634794982,True,Low
0,0,0.23845873101635012,True,Low
0,0,0.11453964860162949,True,Low
0,0,0.04958251836672003,True,Low
1,0,0.19580155961622542,False,Low
0,0,0.046552440106176395,True,Low
1,0,0.1984174822318277,False,Low
1,1,0.5711587544135263,True,High
1,0,0.20590422436715886,False,Low
0,0,0.2115759601902005,True,Low
1,1,0.5677317095946539,True,High
1,1,0.6392984514231091,True,High
0,0,0.1979561476112719,True,Low
0,0,0.4410380256298265,True,Moderate
0,0,0.25735166578564334,True,Moderate
0,0,0.09946669963186795,True,Low
0,0,0.1294033476310958,True,Low
0,0,0.14790638144084287,True,Low
0,0,0.10377152774153695,True,Low
1,1,0.6331972203731155,True,High
0,0,0.3942999823005109,True,Moderate
0,0,0.19414380703869197,True,Low
1,0,0.17612162348305843,False,Low
1,0,0.30651103159963783,False,Moderate
0,1,0.5700883444335787,False,High
0,0,0.07005975630343787,True,Low
0,0,0.20470992256733722,True,Low
0,0,0.10047453802482312,True,Low
0,0,0.20922499486226218,True,Low
1,0,0.09353787082353007,False,Low
0,0,0.2919639693694739,True,Moderate
0,0,0.24278515776856785,True,Low
0,0,0.10008699402721104,True,Low
0,0,0.33864074701958957,True,Moderate
0,0,0.26191783803171775,True,Moderate
1,1,0.5341171607334151,True,High
0,0,0.1639756135954254,True,Low
0,0,0.16571350081037134,True,Low
0,0,0.11872421316744866,True,Low
0,0,0.06627721898192569,True,Low
0,0,0.17865733656570465,True,Low
0,0,0.1669483367796599,True,Low
1,0,0.1322490798943352,False,Low
0,0,0.10459605312268962,True,Low
0,0,0.10412328778384321,True,Low
0,0,0.186017039700301,True,Low
0,0,0.0515725551218601,True,Low
0,0,0.16379698122853012,True,Low
0,0,0.18077863724245402,True,Low
0,0,0.22763191887402104,True,Low
1,0,0.12176143260031536,False,Low
1,0,0.13524125162106923,False,Low
0,0,0.3992121864130837,True,Moderate
1,1,0.7940412752484496,True,Very High
1,1,0.6490944149784149,True,High
0,0,0.12095358688331177,True,Low
0,0,0.14696484522738218,True,Low
0,0,0.05445196594765895,True,Low
0,0,0.22460603045180816,True,Low
1,0,0.2414577528469601,False,Low
0,0,0.1936049577296147,True,Low
0,0,0.16590033365995638,True,Low
0,0,0.06699131873389656,True,Low
0,0,0.15974143374871994,True,Low
0,0,0.14118183634642845,True,Low
0,0,0.4311153670311509,True,Moderate
0,0,0.17098807729596988,True,Low
0,0,0.20716967136684755,True,Low
1,0,0.2714328397178974,False,Moderate
1,0,0.45080863632716417,False,Moderate
0,0,0.26746569279468674,True,Moderate
0,0,0.2310014962582309,True,Low
0,0,0.10763507534658877,True,Low
0,0,0.2779958334600021,True,Moderate
0,0,0.18714945761352292,True,Low
1,0,0.19057322104664456,False,Low
0,0,0.23074224645385635,True,Low
0,0,0.2051573685964855,True,Low
0,0,0.2598262290077177,True,Moderate
1,0,0.21903375978472353,False,Low
0,0,0.22374125579860926,True,Low
0,0,0.17861527422318543,True,Low
0,0,0.1658358306127003,True,Low
0,0,0.03527810503534686,True,Low
1,0,0.2540164465546956,False,Moderate
1,0,0.03379677696657674,False,Low
0,0,0.057831858231681944,True,Low
0,0,0.24324625750124382,True,Low
1,0,0.23821131191040898,False,Low
0,0,0.1501147177203967,True,Low
0,0,0.16061702944358114,True,Low
0,0,0.04920869218888723,True,Low
0,0,0.254988013719829,True,Moderate
0,0,0.048333535240096176,True,Low
0,0,0.11219915820365846,True,Low
0,0,0.0731054698106155,True,Low
1,0,0.060353459703162866,False,Low
0,0,0.4978531624230736,True,Moderate
0,0,0.1446104834862279,True,Low
0,0,0.1880442433604857,True,Low
0,0,0.11769662975395476,True,Low
0,0,0.054508623750843074,True,Low
0,0,0.16326300195278415,True,Low
1,1,0.761487587171314,True,Very High
0,0,0.2462476873452837,True,Low
0,0,0.2426667254303436,True,Low
1,0,0.0436461514165338,False,Low
0,0,0.12760534023217512,True,Low
0,0,0.1038248565295041,True,Low
0,0,0.20353879957318266,True,Low
0,0,0.21734967333738134,True,Low
0,0,0.15113994052265556,True,Low
0,0,0.4904300993932479,True,Moderate
0,0,0.266121962591388,True,Moderate
0,0,0.3897667245076326,True,Moderate
0,0,0.2583779608137622,True,Moderate
0,0,0.11532222534365175,True,Low
0,0,0.2834486993864703,True,Moderate
0,0,0.20563060587382506,True,Low
0,0,0.13753741868243577,True,Low
0,0,0.23405251727413462,True,Low
0,0,0.24614075446074046,True,Low
0,0,0.10484140441315662,True,Low
0,0,0.2217601887641342,True,Low
0,0,0.2430147871063419,True,Low
0,0,0.16456662588292206,True,Low
1,1,0.5092053571444256,True,High
0,0,0.12236073887437078,True,Low
1,1,0.5900520846701887,True,High
1,0,0.2661202511508138,False,Moderate
0,0,0.011523332165185593,True,Low
1,0,0.3216816715611625,False,Moderate
0,0,0.21538018282246615,True,Low
0,0,0.12106918698870026,True,Low
0,0,0.08266538701603166,True,Low
0,0,0.1387666578121359,True,Low
1,0,0.09860067300616242,False,Low
0,0,0.1142794226692715,True,Low
0,0,0.1431177598797734,True,Low
0,0,0.03948484595951652,True,Low
0,0,0.13276392544042395,True,Low
0,0,0.18818989795855337,True,Low
1,0,0.25453780171020807,False,Moderate
1,1,0.5946944627789535,True,High
1,0,0.0979305574296764,False,Low
0,0,0.04421139515368919,True,Low
0,0,0.09283153999691643,True,Low
0,0,0.09469139490149105,True,Low
0,0,0.14368730441428365,True,Low
0,0,0.22521707824535311,True,Low
0,0,0.1377284875582893,True,Low
0,0,0.22208041291452313,True,Low
0,0,0.20453330331478506,True,Low
1,1,0.5574481103227633,True,High
0,0,0.28528692725033866,True,Moderate
0,0,0.3232288185472321,True,Moderate
0,0,0.1354816415185476,True,Low
0,0,0.2095693106922306,True,Low
0,0,0.14756975580548864,True,Low
1,0,0.18712370856142038,False,Low
0,0,0.20538418896550065,True,Low
0,0,0.16485220586744162,True,Low
0,0,0.09583684724083823,True,Low
0,0,0.15258647570586045,True,Low
0,0,0.26294097686462237,True,Moderate
0,0,0.24919328692095588,True,Low
0,0,0.24646331808724894,True,Low
0,0,0.2609436533363435,True,Moderate
1,0,0.21136163145321005,False,Low
0,0,0.22371066371890125,True,Low
0,0,0.07253977766118165,True,Low
0,0,0.10807753872049779,True,Low
0,0,0.06523867887952794,True,Low
1,0,0.46082217379515106,False,Moderate
0,0,0.4024268553920754,True,Moderate
1,0,0.4585788792195333,False,Moderate
1,0,0.1699590989450199,False,Low
0,0,0.22564527049985703,True,Low
1,1,0.5156569581343674,True,High
0,0,0.11171861307397045,True,Low
0,0,0.2698961899166154,True,Moderate
0,0,0.39842784497147543,True,Moderate
0,0,0.06204847581416247,True,Low
0,0,0.14382170373533748,True,Low
0,0,0.2752127802861144,True,Moderate
1,0,0.2691397579799865,False,Moderate
1,0,0.19633474995098354,False,Low
0,0,0.23885906246722285,True,Low
0,0,0.11510607765102496,True,Low
0,0,0.16594871693787488,True,Low
0,0,0.1976298533614373,True,Low
0,0,0.47197790258466565,True,Moderate
0,0,0.23487458358817864,True,Low
0,0,0.27797642849718346,True,Moderate
0,0,0.08484374443088104,True,Low
0,0,0.3868343156446725,True,Moderate
0,0,0.3823765851597898,True,Moderate
0,1,0.5867785057250938,False,High
0,0,0.15035215653273012,True,Low
0,0,0.012608056217075659,True,Low
1,0,0.44660756986083355,False,Moderate
0,0,0.2260513318022611,True,Low
0,0,0.04077426904450271,True,Low
0,0,0.25108939468495356,True,Moderate
1,0,0.010236464591742551,False,Low
1,0,0.24734824989624898,False,Low
1,0,0.15441046639980352,False,Low
0,0,0.4733915061052174,True,Moderate
0,0,0.0318159177077462,True,Low
0,0,0.07856139021300698,True,Low
1,1,0.5295042498127551,True,High
0,0,0.4896392869070312,True,Moderate
0,0,0.04539899058332354,True,Low
0,0,0.2298605132374577,True,Low
0,0,0.19227780240369838,True,Low
0,0,0.02799984201909161,True,Low
1,1,0.604728290931909,True,High
0,0,0.22146995714822684,True,Low
0,0,0.2274585542523402,True,Low
1,1,0.5643758074110795,True,High
0,0,0.2362226829478505,True,Low
0,0,0.2149672543383987,True,Low
1,0,0.30848448449639376,False,Moderate
0,0,0.236714044623146,True,Low
0,0,0.17046717903541814,True,Low
1,0,0.16570928850387293,False,Low
0,0,0.024014803352580584,True,Low
0,0,0.08169973356883427,True,Low
0,0,0.171594481515973,True,Low
0,0,0.0829849138706239,True,Low
0,0,0.21902075077992836,True,Low
0,0,0.24250711188315294,True,Low
1,0,0.15306405858702396,False,Low
0,0,0.2507447967597875,True,Moderate
0,0,0.24821847394634683,True,Low
0,0,0.05699030853408379,True,Low
0,0,0.20148725569496553,True,Low
0,0,0.11972540407073856,True,Low
1,0,0.08399033823893397,False,Low
0,0,0.114430734841665,True,Low
1,0,0.1656543762441533,False,Low
0,0,0.07383315584740349,True,Low
0,0,0.21835126515337408,True,Low
0,0,0.07336064712739736,True,Low
0,0,0.21166048561135722,True,Low
0,0,0.13759350599057715,True,Low
0,0,0.1336607287171231,True,Low
1,0,0.3802693408073621,False,Moderate
0,0,0.24869610387895738,True,Low
0,0,0.0492272849663494,True,Low
0,1,0.5330821838920661,False,High
0,0,0.20898959564337227,True,Low
0,0,0.15668953022046547,True,Low
0,0,0.19047734959881174,True,Low
0,0,0.19632979597140773,True,Low
0,0,0.058601833248795664,True,Low
1,1,0.6340550804259428,True,High
0,0,0.23096748757312097,True,Low
0,0,0.19792254305778884,True,Low
0,0,0.06254011619925208,True,Low
1,0,0.3419564642465246,False,Moderate
0,0,0.18974890065035002,True,Low
0,0,0.24068503916175943,True,Low
1,0,0.15644999442603993,False,Low
0,0,0.17609564964469593,True,Low
1,0,0.4972318318925155,False,Moderate
0,0,0.18047978643969226,True,Low
0,0,0.24112783216125383,True,Low
0,0,0.12609114084408427,True,Low
1,0,0.30316717978195507,False,Moderate
0,0,0.07975379193881102,True,Low
0,0,0.23323768407461573,True,Low
0,0,0.20260993169948344,True,Low
0,0,0.2362138375614257,True,Low
1,0,0.09322175026530478,False,Low
0,0,0.04126294103276264,True,Low
0,0,0.1588942493280598,True,Low
0,0,0.1089385914356024,True,Low
0,0,0.03473181845570425,True,Low
0,0,0.10824476293525136,True,Low
1,1,0.5337004128002286,True,High
0,0,0.18661999445417354,True,Low
0,0,0.1512790595018723,True,Low
0,0,0.20649663962605522,True,Low
1,0,0.150494985671043,False,Low
0,0,0.15612250834594074,True,Low
0,0,0.029230051000989184,True,Low
0,0,0.11277030581118096,True,Low
0,0,0.18336137232469976,True,Low
0,0,0.02994746498771348,True,Low
0,0,0.11019055610989152,True,Low
1,1,0.5973960228132426,True,High
1,0,0.1065343173016686,False,Low
1,0,0.2315149279071702,False,Low
1,0,0.059694318978972954,False,Low
0,0,0.030547434478578432,True,Low
1,0,0.15130841769738576,False,Low
1,1,0.5006200571734137,True,High
0,0,0.09073197588805404,True,Low
0,0,0.27605923377726477,True,Moderate
0,0,0.16212429356551908,True,Low
0,1,0.500791457092766,False,High
0,0,0.06032970057696856,True,Low
0,0,0.2506528758152668,True,Moderate
1,0,0.10817086191063209,False,Low
0,1,0.515403924217976,False,High
0,0,0.10895433499111466,True,Low
0,0,0.2631861052452522,True,Moderate
0,0,0.08520026282924958,True,Low
0,0,0.2439663880858253,True,Low
0,0,0.18722268348555124,True,Low
0,0,0.09234868105971165,True,Low
0,0,0.21418169682906663,True,Low
1,0,0.32993839508139594,False,Moderate
0,0,0.30549382944349074,True,Moderate
0,0,0.4952334644810224,True,Moderate
0,0,0.4633307409706344,True,Moderate
0,0,0.29586521152481426,True,Moderate
0,0,0.13680255255901178,True,Low
0,0,0.19465192619494878,True,Low
1,1,0.6852886286024861,True,High
0,0,0.13264541326087814,True,Low
1,0,0.06646205914433306,False,Low
1,1,0.5440425687953926,True,High
0,0,0.03992397110808356,True,Low
0,0,0.17206628916211145,True,Low
0,0,0.22008300283332663,True,Low
0,0,0.4793663288940324,True,Moderate
0,0,0.22116031698172237,True,Low
0,0,0.2658414267118472,True,Moderate
0,0,0.057865599661299574,True,Low
0,0,0.06362173582990152,True,Low
0,0,0.10423201000852987,True,Low
0,0,0.04654998883445158,True,Low
0,0,0.3741591707217661,True,Moderate
0,0,0.23465486343899097,True,Low
0,0,0.19099440684717725,True,Low
0,0,0.12254190983644599,True,Low
0,0,0.18273294773605805,True,Low
1,0,0.3760041418178481,False,Moderate
0,0,0.1684526178316657,True,Low
0,0,0.035458468623336833,True,Low
0,0,0.3225575824707154,True,Moderate
0,0,0.40455307020893344,True,Moderate
0,0,0.06482668271284389,True,Low
1,0,0.21190927747766874,False,Low
1,0,0.12063037163192396,False,Low
0,0,0.16963418986762505,True,Low
0,0,0.22485181909758525,True,Low
0,0,0.01219435506428484,True,Low
1,0,0.2461919273895972,False,Low
0,0,0.1785067163824508,True,Low
0,0,0.2791585627465764,True,Moderate
0,0,0.01521638174034763,True,Low
0,0,0.296112820533921,True,Moderate
0,0,0.2088797348311358,True,Low
0,0,0.21493375141282817,True,Low
0,1,0.6615789177203023,False,High
0,0,0.13326976323651718,True,Low
0,0,0.2176399143332025,True,Low
0,0,0.2520870694310567,True,Moderate
0,0,0.22661240649630573,True,Low
0,0,0.15653640953433215,True,Low
0,0,0.08467545157840692,True,Low
0,0,0.472651397504311,True,Moderate
0,0,0.1499913392583663,True,Low
0,0,0.20347771542342682,True,Low
0,0,0.24843736914862152,True,Low
0,0,0.21968890490577206,True,Low
0,0,0.15383978851067193,True,Low
0,0,0.10042417153126677,True,Low
1,0,0.4918789737898903,False,Moderate
0,0,0.06038896902565827,True,Low
0,0,0.04153714974093448,True,Low
1,0,0.2654055930502355,False,Moderate
1,0,0.13528326865542006,False,Low
0,1,0.503639404683144,False,High
0,0,0.2818995168199659,True,Moderate
1,1,0.8080583031461775,True,Very High
0,0,0.05532467168471584,True,Low
0,0,0.26191486606476333,True,Moderate
0,0,0.09402651421461199,True,Low
0,0,0.1852036432966985,True,Low
1,0,0.22615367422368476,False,Low
0,0,0.1852331585517708,True,Low
0,0,0.20336243319610217,True,Low
0,0,0.09622834455651698,True,Low
0,0,0.09215723370466107,True,Low
0,0,0.09881240713025956,True,Low
0,0,0.12052951211302185,True,Low
1,0,0.05795206231088448,False,Low
0,0,0.11304099519647762,True,Low
0,0,0.1501380927730215,True,Low
0,1,0.6355436759022203,False,High
1,1,0.6032566073635531,True,High
0,0,0.20796129266695026,True,Low
0,0,0.2970882106619751,True,Moderate
0,0,0.24492303583876254,True,Low
1,0,0.16963971828793495,False,Low
0,0,0.1334371769387156,True,Low
0,0,0.18760208478467705,True,Low
0,0,0.25048780311527374,True,Moderate
0,0,0.08903411059220015,True,Low
0,0,0.06042409387036169,True,Low
0,0,0.20973594539852847,True,Low
0,0,0.25876035807804,True,Moderate
0,0,0.18612099913881655,True,Low
0,0,0.30980865196951013,True,Moderate
0,0,0.098729242125871,True,Low
1,0,0.2186762828049916,False,Low
1,0,0.2562449289788834,False,Moderate
0,0,0.021397362841183095,True,Low
0,0,0.13302476209221972,True,Low
0,0,0.2864129850353048,True,Moderate
0,0,0.08314777001074952,True,Low
0,0,0.20141158083511934,True,Low
1,0,0.055594431334018084,False,Low
0,0,0.21529526127015444,True,Low
0,0,0.19521181798954312,True,Low
0,0,0.2611988233753539,True,Moderate
0,0,0.23311889316164391,True,Low
0,0,0.25445686001142964,True,Moderate
0,0,0.18392491912313522,True,Low
0,0,0.19461043968802863,True,Low
0,0,0.11263823457217402,True,Low
0,0,0.06453680659478839,True,Low
1,0,0.06456334473995774,False,Low
1,0,0.06295858885567815,False,Low
0,0,0.18499522819179945,True,Low
0,0,0.09951250013830613,True,Low
0,0,0.2241002149944603,True,Low
1,0,0.2469620200423487,False,Low
1,0,0.058000333057635405,False,Low
1,1,0.5366918929112451,True,High
1,0,0.20696443684400195,False,Low
0,0,0.22366745117774645,True,Low
0,0,0.11629556690879388,True,Low
0,1,0.5747115637570633,False,High
0,0,0.22416255975167854,True,Low
1,1,0.5167849981654984,True,High
0,0,0.4073135554856517,True,Moderate
0,0,0.24817976974746117,True,Low
0,0,0.05245906560315362,True,Low
0,0,0.12056523149029261,True,Low
0,1,0.5179597412310903,False,High
0,0,0.18666086389885062,True,Low
0,0,0.13077271315686112,True,Low
1,0,0.25731898986159735,False,Moderate
0,0,0.24324492188194533,True,Low
0,0,0.40398443716713384,True,Moderate
0,0,0.21536961931976467,True,Low
0,0,0.15669228870029148,True,Low
0,0,0.1553567098060785,True,Low
1,0,0.1814040848559175,False,Low
1,0,0.18369397623568973,False,Low
0,0,0.24785811741427155,True,Low
1,0,0.2262256186605544,False,Low
0,0,0.2733013042107094,True,Moderate
0,0,0.05521113905412984,True,Low
1,0,0.12419634740610652,False,Low
0,0,0.20176176524962025,True,Low
0,0,0.19111720313775832,True,Low
0,0,0.43988086889176053,True,Moderate
0,0,0.1317047727829461,True,Low
0,0,0.4834454541946314,True,Moderate
0,0,0.25116638238342615,True,Moderate
0,0,0.12941589341900586,True,Low
0,0,0.21742203133078866,True,Low
0,0,0.06162220596719035,True,Low
1,0,0.18005014588249874,False,Low
0,0,0.16120837882738864,True,Low
0,0,0.1890164944270764,True,Low
0,0,0.22900371790208984,True,Low
0,0,0.11931735310073577,True,Low
1,0,0.1715352264467777,False,Low
0,0,0.08948725359996115,True,Low
1,0,0.3360054431573399,False,Moderate
0,0,0.18241281417467536,True,Low
0,0,0.09779329512366593,True,Low
0,0,0.14505715958441862,True,Low
0,1,0.593120617015988,False,High
0,0,0.27787760321644833,True,Moderate
0,0,0.2593427412542278,True,Moderate
0,0,0.015960864179928695,True,Low
0,0,0.10492251357865925,True,Low
0,0,0.06159272210893483,True,Low
0,0,0.1058963823817036,True,Low
0,0,0.2834746020088619,True,Moderate
1,0,0.49243319629803417,False,Moderate
0,0,0.1498073686013324,True,Low
1,0,0.13266549156959176,False,Low
0,0,0.2376963789233685,True,Low
0,0,0.2164985955016695,True,Low
1,0,0.243498305037901,False,Low
1,0,0.296618535539103,False,Moderate
0,0,0.22500576904205336,True,Low
1,0,0.1924145497396846,False,Low
1,0,0.2626149957482043,False,Moderate
1,0,0.49790273104470745,False,Moderate
0,0,0.07150179097311934,True,Low
1,0,0.08994473872170029,False,Low
0,0,0.05915067599082475,True,Low
1,0,0.24881761530092786,False,Low
1,0,0.06445222917071274,False,Low
0,0,0.13133627139034054,True,Low
0,0,0.12691614969531143,True,Low
0,0,0.06076265536508625,True,Low
0,0,0.16996182434261228,True,Low
0,0,0.17136505357880355,True,Low
0,0,0.10343576082238834,True,Low
1,0,0.06041264711887606,False,Low
0,0,0.17194754755602187,True,Low
0,0,0.09315345410657351,True,Low
1,0,0.45229027200456556,False,Moderate
0,0,0.049827763746829866,True,Low
0,0,0.20407643489965274,True,Low
0,0,0.2137770206946183,True,Low
1,0,0.2870843700544403,False,Moderate
0,0,0.47039080576497494,True,Moderate
0,0,0.39748699475426136,True,Moderate
0,0,0.0867941501234915,True,Low
0,0,0.1848520806464749,True,Low
0,0,0.2594100533474054,True,Moderate
0,0,0.03932717660350435,True,Low
1,0,0.26396080710014586,False,Moderate
0,0,0.4174842697724046,True,Moderate
1,1,0.5253358871184974,True,High
1,0,0.20550926674646627,False,Low
0,0,0.10357122960312125,True,Low
0,0,0.08225993706835011,True,Low
0,1,0.510630734846722,False,High
0,0,0.058689902129033085,True,Low
0,1,0.6040416782346957,False,High
0,0,0.24617023086539286,True,Low
0,0,0.12629283979664768,True,Low
0,0,0.22823088008696443,True,Low
0,0,0.1556191478423038,True,Low
0,0,0.07115578311041747,True,Low
0,0,0.21370561354864734,True,Low
1,0,0.23480366594963314,False,Low
1,0,0.09346723903017569,False,Low
0,0,0.09608381646718281,True,Low
1,0,0.36499244157337535,False,Moderate
1,1,0.5122546809364983,True,High
0,0,0.21863443466069277,True,Low
0,0,0.24715460840047443,True,Low
0,0,0.20842500724725604,True,Low
0,0,0.23662104926385488,True,Low
0,0,0.19898523908364213,True,Low
1,1,0.672130343784294,True,High
0,0,0.21103039207492774,True,Low
0,0,0.05754823247937955,True,Low
0,0,0.21297784649592663,True,Low
0,0,0.131267112547146,True,Low
0,0,0.19071675549036204,True,Low
0,0,0.1357959567199597,True,Low
1,0,0.09201768882975091,False,Low
0,0,0.06071401377755207,True,Low
1,0,0.20600487363972583,False,Low
0,0,0.07395238810919533,True,Low
0,0,0.046161333124696814,True,Low
0,0,0.11921033529680396,True,Low
0,0,0.18258355409794513,True,Low
0,0,0.14665440537521504,True,Low
0,0,0.19552212347359157,True,Low
0,0,0.025732320788222542,True,Low
0,0,0.22319611708380538,True,Low
0,0,0.0812231345440421,True,Low
0,0,0.21819094078479723,True,Low
1,0,0.17400895033087738,False,Low
0,0,0.22500917456185499,True,Low
0,0,0.2746387131492114,True,Moderate
0,0,0.20956059573966862,True,Low
0,0,0.15377657985932242,True,Low
0,0,0.12446073389414017,True,Low
0,0,0.1551348712647575,True,Low
1,0,0.17958787967224313,False,Low
0,0,0.22424257629378958,True,Low
0,0,0.43167028283139164,True,Moderate
0,0,0.11828004767032461,True,Low
0,0,0.18423000551519655,True,Low
0,1,0.5527167604687285,False,High
0,0,0.19181655833558653,True,Low
0,0,0.26467853143385495,True,Moderate
0,0,0.21079500070675777,True,Low
0,0,0.09194982089481041,True,Low
0,0,0.29970541591065925,True,Moderate
0,0,0.19010076422510755,True,Low
0,1,0.7797871321287947,False,Very High
0,0,0.19982672514430727,True,Low
0,0,0.23835735158387736,True,Low
0,0,0.13778459897016984,True,Low
0,0,0.15876849392463044,True,Low
0,0,0.2572657672829693,True,Moderate
0,0,0.07608675001851363,True,Low
1,0,0.11786063476985977,False,Low
0,0,0.09949367956561839,True,Low
0,0,0.25663895398999736,True,Moderate
0,0,0.29497198119526125,True,Moderate
0,0,0.19475050923797171,True,Low
0,0,0.4481890931306671,True,Moderate
0,0,0.236170117042684,True,Low
0,0,0.24704233639194623,True,Low
0,0,0.09448402425837613,True,Low
0,0,0.20486251968885408,True,Low
0,0,0.0403446381912144,True,Low
1,0,0.08922660026840015,False,Low
0,0,0.10336697056090138,True,Low
0,0,0.09876412004616043,True,Low
0,0,0.06752292525378384,True,Low
0,0,0.03742954215078264,True,Low
1,1,0.6419867171220527,True,High
0,0,0.18872481042718334,True,Low
0,0,0.1584473400688783,True,Low
0,0,0.0628275230993115,True,Low
0,0,0.240575420718278,True,Low
0,0,0.1756771388166712,True,Low
0,0,0.18619777244371627,True,Low
0,0,0.0406929756397333,True,Low
1,0,0.21181009113773888,False,Low
1,0,0.0515927155810296,False,Low
0,0,0.21286008932730086,True,Low
0,0,0.19526114411184312,True,Low
1,1,0.9902100715105987,True,Very High
0,0,0.22225157300878148,True,Low
0,0,0.13065415558381954,True,Low
1,1,0.6137415607600786,True,High
0,0,0.13844434368407119,True,Low
1,0,0.09442882745808207,False,Low
0,0,0.4012473940673821,True,Moderate
1,0,0.48114366004022413,False,Moderate
0,0,0.11014910163288973,True,Low
1,0,0.21704466012895826,False,Low
0,0,0.3049215658510328,True,Moderate
1,0,0.14576543866694877,False,Low
0,0,0.05276819861109652,True,Low
0,0,0.25444679004666526,True,Moderate
0,0,0.2847155385390836,True,Moderate
0,0,0.1703370771138317,True,Low
1,1,0.5654848053292427,True,High
0,0,0.052943266590042885,True,Low
0,0,0.2246420370628528,True,Low
1,0,0.28721861531732806,False,Moderate
1,1,0.7836309538476307,True,Very High
0,0,0.10203406645062421,True,Low
1,1,0.7216271122762241,True,High
1,1,0.5140953347004067,True,High
0,0,0.3971198447423979,True,Moderate
0,0,0.1094052512017303,True,Low
0,0,0.10905695804117516,True,Low
0,0,0.2576348924633497,True,Moderate
0,0,0.21395888280551056,True,Low
0,0,0.07033092161666529,True,Low
0,0,0.3260810011794934,True,Moderate
1,1,0.5287234035594904,True,High
1,1,0.5212716619451901,True,High
0,0,0.15516618623493014,True,Low
0,0,0.10562610924592032,True,Low
0,0,0.06472222867024897,True,Low
1,1,0.6447058202250102,True,High
0,0,0.24565848797687254,True,Low
0,0,0.21837654176998933,True,Low
1,1,0.6244491258284697,True,High
0,0,0.11385031668898732,True,Low
0,0,0.160749186972023,True,Low
0,0,0.05821844855304319,True,Low
1,0,0.4666306447749633,False,Moderate
0,0,0.1740044970114362,True,Low
0,0,0.43032257364771553,True,Moderate
0,0,0.031351022780108026,True,Low
0,0,0.1310453315001243,True,Low
1,0,0.2592856538081359,False,Moderate
1,0,0.1889087271826174,False,Low
0,0,0.034956616928211046,True,Low
1,0,0.3788996017249691,False,Moderate
0,0,0.07281425364110815,True,Low
0,0,0.18989550193335591,True,Low
1,0,0.13274370346618158,False,Low
0,0,0.1996657612504105,True,Low
0,0,0.17272868441419595,True,Low
0,0,0.13853618140507443,True,Low
1,1,0.6377599103355719,True,High
0,0,0.03182370990050007,True,Low
0,0,0.2178132893862916,True,Low
1,0,0.23223200859855933,False,Low
0,0,0.111194074565793,True,Low
0,0,0.13260550944786645,True,Low
1,0,0.04696614044539366,False,Low
1,0,0.1729066879601636,False,Low
0,0,0.03330842549053745,True,Low
1,0,0.21028722686301818,False,Low
1,1,0.6185066878773675,True,High
0,0,0.19170168098213788,True,Low
0,0,0.4892147388391918,True,Moderate
0,0,0.09257900175842623,True,Low
0,0,0.1304637968537741,True,Low
0,0,0.09814248403148572,True,Low
0,0,0.17936709643554866,True,Low
0,0,0.3437373310729082,True,Moderate
0,0,0.12996580716562278,True,Low
0,0,0.05371657063225522,True,Low
0,0,0.18411820882173474,True,Low
0,0,0.21367797706546163,True,Low
0,0,0.17969078295112786,True,Low
0,0,0.20586218822310492,True,Low
0,0,0.06994599535750327,True,Low
0,0,0.1387720693576281,True,Low
0,0,0.1725787686773776,True,Low
0,0,0.35039854839268575,True,Moderate
0,0,0.20096495144115575,True,Low
0,1,0.527925331722279,False,High
0,0,0.07586968454609362,True,Low
1,0,0.11523277617161955,False,Low
0,0,0.05689122082523748,True,Low
0,0,0.35403256237849895,True,Moderate
0,0,0.1967226445600078,True,Low
1,0,0.23440348666396602,False,Low
0,0,0.3000651564288205,True,Moderate
0,0,0.17586551884653953,True,Low
0,0,0.012707580599762581,True,Low
0,0,0.22073892125298972,True,Low
0,0,0.22655438866454664,True,Low
0,0,0.1471561087828913,True,Low
0,0,0.14474524790725948,True,Low
0,1,0.5125288111256806,False,High
0,0,0.049168123834268815,True,Low
0,0,0.3132133808324058,True,Moderate
0,0,0.2152226980529631,True,Low
1,0,0.2800012044653449,False,Moderate
0,0,0.04402757957192921,True,Low
0,0,0.4830673503404608,True,Moderate
0,0,0.24138631665748403,True,Low
0,0,0.024201025790285987,True,Low
1,0,0.22648305823385081,False,Low
0,0,0.1310002043499058,True,Low
0,0,0.19579988760952863,True,Low
0,0,0.021206323928384688,True,Low
1,0,0.1699015760483122,False,Low
0,0,0.0432738874019106,True,Low
0,0,0.13465220663927235,True,Low
0,0,0.376032812033349,True,Moderate
0,0,0.1996851190916444,True,Low
0,0,0.21848188026780374,True,Low
0,0,0.20806449955388345,True,Low
1,1,0.5596863806862092,True,High
0,0,0.15155917847535447,True,Low
0,0,0.19512438473264332,True,Low
0,0,0.15763787066159676,True,Low
1,0,0.16239216392478567,False,Low
1,0,0.12222776384490565,False,Low
0,0,0.20542620726615576,True,Low
0,0,0.10694913935408809,True,Low
0,1,0.6693595274588066,False,High
0,0,0.15695262386425762,True,Low
0,0,0.19181477547685247,True,Low
0,0,0.30972301291197335,True,Moderate
1,1,0.5154166619600372,True,High
0,0,0.17462574860999971,True,Low
0,0,0.15617107363599597,True,Low
0,0,0.13044621951030425,True,Low
0,0,0.22602008820560324,True,Low
0,0,0.2076737016335054,True,Low
1,0,0.4768183772173919,False,Moderate
0,0,0.13128089569882403,True,Low
0,0,0.45618063087091976,True,Moderate
0,0,0.2258798348628753,True,Low
0,0,0.12012627269429185,True,Low
1,0,0.2742135421938299,False,Moderate
0,0,0.014183642074391982,True,Low
0,0,0.10492965171364117,True,Low
1,0,0.13200182739946523,False,Low
0,1,0.592189380252108,False,High
0,0,0.4058555756667677,True,Moderate
1,0,0.26399160429772467,False,Moderate
0,0,0.2428130568101153,True,Low
0,0,0.05137040501418688,True,Low
0,0,0.4258803529049893,True,Moderate
0,0,0.1188250740821976,True,Low
0,0,0.20724978753663925,True,Low
0,0,0.14311587099326592,True,Low
1,0,0.2423396724825948,False,Low
0,0,0.14935681588851552,True,Low
0,0,0.07302107008761108,True,Low
0,0,0.05710769597110787,True,Low
1,0,0.296483099875495,False,Moderate
0,0,0.17043923319020235,True,Low
0,0,0.1120209681323871,True,Low
0,0,0.10487812189169936,True,Low
0,0,0.14205906008598668,True,Low
0,0,0.08806757592407473,True,Low
0,0,0.1793293621897162,True,Low
0,0,0.1553001432014606,True,Low
0,0,0.22773192533881276,True,Low
0,0,0.13574638850411658,True,Low
0,0,0.12793472015998364,True,Low
1,0,0.36467250779887644,False,Moderate
0,0,0.21225851757536332,True,Low
1,0,0.21760718236331336,False,Low
1,0,0.09586902335440291,False,Low
0,0,0.232441533398268,True,Low
0,0,0.0733754772048509,True,Low
1,1,0.5143091021915359,True,High
0,0,0.08148758235736975,True,Low
0,0,0.008548108552837141,True,Low
0,0,0.045771860961739,True,Low
0,0,0.39642082893490355,True,Moderate
0,0,0.2992742985941397,True,Moderate
0,0,0.2475847737812775,True,Low
0,0,0.1516006474301361,True,Low
1,0,0.2436546998203819,False,Low
0,0,0.24137464128701283,True,Low
1,0,0.27629377799664967,False,Moderate
0,0,0.2661567105461316,True,Moderate
0,0,0.2664836961461855,True,Moderate
1,0,0.16471445043496377,False,Low
0,0,0.22731377487612214,True,Low
0,0,0.00024091829349404833,True,Low
1,1,0.5646984623841268,True,High
1,0,0.10289008481766561,False,Low
1,1,0.5991857541828564,True,High
0,0,0.22753716590089187,True,Low
0,0,0.19391802175861025,True,Low
0,0,0.12173266097860373,True,Low
0,0,0.10914549881099768,True,Low
0,0,0.2633992042675507,True,Moderate
0,0,0.23759487931733542,True,Low
0,0,0.08525975039187732,True,Low
1,0,0.06440597915044137,False,Low
0,0,0.23208229039167555,True,Low
0,0,0.1614763470376146,True,Low
0,0,0.0703287111610973,True,Low
1,1,0.65547699838193,True,High
1,0,0.10554852208968359,False,Low
0,0,0.194367115420552,True,Low
0,0,0.10537621999484853,True,Low
0,0,0.21289781329386237,True,Low
1,0,0.14995311195431507,False,Low
0,0,0.32503521279098496,True,Moderate
0,0,0.24482154265969477,True,Low
0,0,0.2979094802311188,True,Moderate
1,0,0.26880396785953214,False,Moderate
0,0,0.20414969606467923,True,Low
0,0,0.02624035086403955,True,Low
0,0,0.04540830240667482,True,Low
0,0,0.0507726039098375,True,Low
0,0,0.24091426788509676,True,Low
0,0,0.13083497937015084,True,Low
1,0,0.3121908144926514,False,Moderate
1,1,0.5039588612645838,True,High
0,0,0.11501878708389882,True,Low
1,0,0.11436943147894087,False,Low
1,1,0.6088293896576035,True,High
0,0,0.11972595414384009,True,Low
0,0,0.20733107531850403,True,Low
0,0,0.05773579270276435,True,Low
1,1,0.7885881099094768,True,Very High
0,0,0.3533831314631117,True,Moderate
0,0,0.19837013022284103,True,Low
0,0,0.36600576834250564,True,Moderate
0,0,0.27438575039689017,True,Moderate
0,0,0.09559846353691168,True,Low
0,0,0.2788571611928819,True,Moderate
1,0,0.1962000806318331,False,Low
0,0,0.12718186716183985,True,Low
1,0,0.22251086649126384,False,Low
0,0,0.20958007178439825,True,Low
0,0,0.14436510929562973,True,Low
0,0,0.36596047867209625,True,Moderate
0,0,0.19186273971095724,True,Low
0,0,0.0989831251491658,True,Low
0,0,0.2118249750998147,True,Low
0,0,0.1514972650440671,True,Low
0,0,0.26791941715347667,True,Moderate
0,0,0.2474797278999774,True,Low
0,0,0.15800949227099692,True,Low
0,0,0.19244362937040613,True,Low
0,0,0.23885578402609983,True,Low
0,0,0.17943052445541732,True,Low
1,0,0.2738354204661867,False,Moderate
0,0,0.2308654074066574,True,Low
0,0,0.14157316544145937,True,Low
0,0,0.10503120351169955,True,Low
0,0,0.047595433623433804,True,Low
1,1,0.8061223434575998,True,Very High
1,1,0.5835690670687053,True,High
0,0,0.043138219578420546,True,Low
0,0,0.05798646520936703,True,Low
0,0,0.2634228995442692,True,Moderate
0,0,0.055046799776877715,True,Low
0,0,0.25402705280743687,True,Moderate
0,0,0.07097351847619746,True,Low
1,0,0.09018989730346215,False,Low
0,0,0.1362603063048576,True,Low
1,1,0.6252449422584204,True,High
0,0,0.23786851105915902,True,Low
0,0,0.19305525310965524,True,Low
0,0,0.33453336680319445,True,Moderate
0,0,0.16542004008735095,True,Low
0,0,0.13659818148404512,True,Low
1,1,0.623412902214899,True,High
0,0,0.0728892942669385,True,Low
1,0,0.4725754730900864,False,Moderate
1,1,0.8049065233898975,True,Very High
0,0,0.11155997967767486,True,Low
0,0,0.0990219561312692,True,Low
0,0,0.18205081242310678,True,Low
0,0,0.16622838585282015,True,Low
0,0,0.12372254529293712,True,Low
0,0,0.0823700083102298,True,Low
0,0,0.17004682464136106,True,Low
0,0,0.284867792407413,True,Moderate
0,0,0.2526266305773131,True,Moderate
0,0,0.04610931144842122,True,Low
0,0,0.20406984670825334,True,Low
1,1,0.791516631558309,True,Very High
0,0,0.08966465456104043,True,Low
0,0,0.09120942260549968,True,Low
1,0,0.1576613533635937,False,Low
0,0,0.20852605336783683,True,Low
0,0,0.2757296371905528,True,Moderate
1,0,0.15886453371668596,False,Low
0,0,0.10723808010584404,True,Low
0,0,0.08593985187095303,True,Low
0,0,0.022210669489369905,True,Low
0,0,0.06805086093092443,True,Low
0,0,0.054264410457709564,True,Low
0,0,0.2772305450268121,True,Moderate
0,1,0.5004200350837019,False,High
0,0,0.03777292417602766,True,Low
0,0,0.15606299358517656,True,Low
0,0,0.19935827092955907,True,Low
1,0,0.2839167185145762,False,Moderate
0,0,0.14008061382250087,True,Low
0,0,0.1934400834843157,True,Low
0,0,0.1094750440143025,True,Low
0,0,0.30418363734572823,True,Moderate
0,0,0.2200940206489471,True,Low
0,0,0.1089742325051348,True,Low
0,0,0.22215094286855347,True,Low
0,0,0.05028281102416086,True,Low
0,0,0.2844135399765537,True,Moderate
0,0,0.0708667794926031,True,Low
0,0,0.21780859730255975,True,Low
0,0,0.2504645502943085,True,Moderate
1,1,0.7588825365166989,True,Very High
0,0,0.09313843056765267,True,Low
0,1,0.5016322470633509,False,High
0,0,0.2420144367748467,True,Low
1,1,0.6865761570814852,True,High
1,1,0.5318049610317168,True,High
1,0,0.26504247081171234,False,Moderate
0,0,0.12379971007533867,True,Low
0,0,0.33675398028461584,True,Moderate
0,0,0.25064352515924104,True,Moderate
0,0,0.20744459560282688,True,Low
0,0,0.16099426807150471,True,Low
1,0,0.45141203331267976,False,Moderate
0,0,0.16487487695715672,True,Low
0,0,0.05210018557166862,True,Low
0,0,0.19794657598459828,True,Low
0,0,0.12170960558664642,True,Low
0,0,0.1851653777817333,True,Low
0,0,0.12045642466389203,True,Low
0,0,0.21996273619869716,True,Low
1,0,0.16703918538880402,False,Low
0,0,0.08839559399976002,True,Low
0,0,0.16419399098387913,True,Low
1,1,0.5745846209441817,True,High
0,0,0.013501545388496027,True,Low
0,0,0.2982033386805854,True,Moderate
0,0,0.11836202521591736,True,Low
0,0,0.15772641107920443,True,Low
1,0,0.14832276041268694,False,Low
0,0,0.1557173680180779,True,Low
0,0,0.285107644561891,True,Moderate
0,0,0.24057769405340718,True,Low
0,1,0.7173294980514925,False,High
0,0,0.09617336684945921,True,Low
0,0,0.01710852961116519,True,Low
0,0,0.060062739765695476,True,Low
1,0,0.2845984490019364,False,Moderate
0,0,0.18330761485846142,True,Low
0,0,0.22695900316866027,True,Low
0,0,0.19005904588530032,True,Low
0,0,0.1078271160042142,True,Low
1,1,0.8148909880323739,True,Very High
0,0,0.042712888113854854,True,Low
0,0,0.13091105468455286,True,Low
0,0,0.057490268150611194,True,Low
0,0,0.21590345942998077,True,Low
0,0,0.19602874107247778,True,Low
1,1,0.5770306409024698,True,High
1,0,0.20707189522168656,False,Low
0,0,0.2267757010057744,True,Low
0,0,0.1094932625614993,True,Low
0,0,0.23696979601867413,True,Low
0,0,0.3166124759234455,True,Moderate
0,0,0.24381053020595117,True,Low
0,0,0.17281343910074334,True,Low
0,0,0.325853980864929,True,Moderate
0,0,0.07661865485515892,True,Low
0,0,0.27143153617719623,True,Moderate
0,1,0.6706529601948756,False,High
1,1,0.5802678193202739,True,High
0,0,0.14102593553690382,True,Low
1,0,0.15100483844955262,False,Low
0,0,0.12227377396319473,True,Low
1,1,0.5741565408563019,True,High
0,1,0.5491940146386624,False,High
1,0,0.2330288291770042,False,Low
0,0,0.16354158946820654,True,Low
0,0,0.22196218342910584,True,Low
0,0,0.1170522297676959,True,Low
0,0,0.16936113787695764,True,Low
0,0,0.045507117887332506,True,Low
1,0,0.44846951812154123,False,Moderate
0,0,0.05157892410789176,True,Low
0,0,0.13381059778822352,True,Low
0,0,0.24819463510316653,True,Low
0,0,0.21268377079812895,True,Low
0,0,0.13660962561922504,True,Low
0,0,0.09693593221913357,True,Low
0,0,0.22614700630187173,True,Low
0,0,0.20846181612270226,True,Low
0,0,0.22785082776171112,True,Low
0,0,0.24778411163262834,True,Low
0,0,0.029527051419588245,True,Low
0,0,0.17130069867428863,True,Low
0,0,0.4930833121958027,True,Moderate
0,0,0.1646356019798215,True,Low
1,0,0.28778803844375433,False,Moderate
0,0,0.14753597805031607,True,Low
0,1,0.5831043505717013,False,High
1,0,0.18118608187719598,False,Low
0,0,0.12027000109204142,True,Low
0,0,0.176230557848506,True,Low
0,0,0.14985499233960223,True,Low
0,0,0.23282910284243016,True,Low
0,0,0.4556816412219511,True,Moderate
0,0,0.11657376721673662,True,Low
0,0,0.150366567985566,True,Low
1,1,0.5366428811789674,True,High
0,0,0.22687390501359994,True,Low
0,0,0.30148652992757624,True,Moderate
0,0,0.2547263039044686,True,Moderate
0,0,0.1885126830089388,True,Low
0,0,0.24657004951720576,True,Low
0,0,0.036113061326415855,True,Low
0,0,0.4962285668560089,True,Moderate
0,0,0.10231531569199905,True,Low
0,0,0.09006256482306464,True,Low
0,0,0.1217327911868734,True,Low
0,1,0.5167113593839303,False,High
0,0,0.07948276319361493,True,Low
1,1,0.5617078306979078,True,High
0,0,0.05889027113914825,True,Low
0,0,0.20731481247538636,True,Low
0,0,0.22434152421937756,True,Low
0,0,0.20859776561425697,True,Low
0,0,0.25424374435543073,True,Moderate
0,0,0.19327691211013961,True,Low
0,0,0.09256176342633764,True,Low
0,0,0.10878243490704625,True,Low
0,0,0.04486612633192663,True,Low
0,0,0.18558063315867027,True,Low
0,0,0.06630048301061209,True,Low
1,0,0.3732699285753052,False,Moderate
0,0,0.20991227111198252,True,Low
0,0,0.23149330243847355,True,Low
0,0,0.2725632212663095,True,Moderate
1,0,0.14586697608041257,False,Low
0,0,0.19669368404647108,True,Low
0,0,0.3908626593769118,True,Moderate
0,0,0.10649100292257424,True,Low
0,0,0.08243268903122349,True,Low
0,0,0.16852703803601354,True,Low
0,0,0.21260923643091445,True,Low
0,0,0.06255255588870406,True,Low
0,0,0.27427207300679374,True,Moderate
0,0,0.10872557404113331,True,Low
0,0,0.13152668534623552,True,Low
0,0,0.045917355014717304,True,Low
0,0,0.2776144745138288,True,Moderate
0,0,0.24768752341913183,True,Low
0,0,0.21712409103026487,True,Low
1,1,0.5304503966953084,True,High
1,0,0.38355773783410213,False,Moderate
1,0,0.17577228565735514,False,Low
0,0,0.10790232659887021,True,Low
0,0,0.03924372945157632,True,Low
0,0,0.058974143623633124,True,Low
0,0,0.2974017368066253,True,Moderate
0,0,0.13993681943477085,True,Low
0,0,0.28779455485891775,True,Moderate
0,0,0.09422168271648067,True,Low
1,0,0.20046795224940286,False,Low
0,0,0.010230099677248066,True,Low
1,0,0.20344127533705658,False,Low
0,0,0.12275486027980033,True,Low
0,0,0.1908206129660321,True,Low
1,0,0.37867285083181024,False,Moderate
0,0,0.045999491702686295,True,Low
0,0,0.3326755580584397,True,Moderate
0,0,0.02866622580303482,True,Low
0,0,0.34056486528103497,True,Moderate
0,0,0.049618182512921064,True,Low
0,0,0.27116817022280665,True,Moderate
1,0,0.10641394145572773,False,Low
1,0,0.12715362979615152,False,Low
0,0,0.18184219741698918,True,Low
1,0,0.27723037090944785,False,Moderate
0,0,0.12983646108820024,True,Low
0,0,0.11160800567172353,True,Low
0,0,0.2702092027261743,True,Moderate
0,0,0.11218411520324452,True,Low
1,1,0.7041260124046844,True,High
0,0,0.30383556766579184,True,Moderate
0,0,0.23842985160987362,True,Low
0,0,0.21012880149814048,True,Low
0,0,0.17076199956759036,True,Low
